$date 2026-08-21 21:41:01.037928 $end
$timescale 1 us $end
$scope module log_mister $end
$var wire 32 ! FMV_DTS $end
$var wire 8 " FMV_PICS_IN_FIFO $end
$var wire 8 # V_BufStat $end
$var wire 16 $ FMA_Sig $end
$var wire 16 % FMV_Sig $end
$var wire 32 & FMV_IMGSZ $end
$var wire 32 ' FMV_PICSZ $end
$var wire 32 ( md_imgsz $end
$var wire 32 ) md_timecd $end
$var wire 16 * md_tmpref $end
$var wire 8 + md_picrt $end
$var wire 16 , FMV_TMPREF $end
$var wire 32 - FMV_PICTIMECD $end
$var wire 32 . FMV_IMGTIMECD $end
$var wire 16 / V_Status $end
$var wire 16 0 V_Stat $end
$var wire 32 1 V_PausedSCR $end
$var wire 32 2 V_SCR $end
$var wire 32 3 V_LastSCR $end
$var wire 16 4 V_DTSVal $end
$var wire 16 5 piccnt $end
$var wire 8 6 fullpcl $end
$var wire 16 7 GEN_VDI_CMD $end
$var wire 16 8 PIC_RATE $end
$var wire 16 9 FMV_IMGRT $end
$var wire 16 : FMV_PICRT $end
$var wire 16 ; FMV_DCLK $end
$upscope $end
$scope module log_vmpeg $end
$var wire 32 < FMV_DTS $end
$var wire 8 = FMV_PICS_IN_FIFO $end
$var wire 8 > V_BufStat $end
$var wire 16 ? FMA_Sig $end
$var wire 16 @ FMV_Sig $end
$var wire 32 A FMV_IMGSZ $end
$var wire 32 B FMV_PICSZ $end
$var wire 32 C md_imgsz $end
$var wire 32 D md_timecd $end
$var wire 16 E md_tmpref $end
$var wire 8 F md_picrt $end
$var wire 16 G FMV_TMPREF $end
$var wire 32 H FMV_PICTIMECD $end
$var wire 32 I FMV_IMGTIMECD $end
$var wire 16 J V_Status $end
$var wire 16 K V_Stat $end
$var wire 32 L V_PausedSCR $end
$var wire 32 M V_SCR $end
$var wire 32 N V_LastSCR $end
$var wire 16 O V_DTSVal $end
$var wire 16 P piccnt $end
$var wire 8 Q fullpcl $end
$var wire 16 R GEN_VDI_CMD $end
$var wire 16 S PIC_RATE $end
$var wire 16 T FMV_IMGRT $end
$var wire 16 U FMV_PICRT $end
$var wire 16 V FMV_DCLK $end
$upscope $end
$enddefinitions $end
#0
$dumpvars
b101101100001010 !
b1 "
b100001 #
b0 $
b0 %
b1100000000000000100011000 &
b0 '
b11000000000000001000110000 (
b0 )
b0 *
b11001 +
b0 ,
b0 -
b0 .
b100000000 /
b1111 0
b0 1
b1010010110100010011101110 2
b1010010110100010011101110 3
b101101100001010 4
b0 5
b0 6
b100000000000000 7
b0 8
b11 9
b0 :
b101101000101001 ;
b101101100001010 <
b1 =
b100001 >
b0 ?
b0 @
b1100000000000000100011000 A
b0 B
b11000000000000001000110000 C
b0 D
b0 E
b11001 F
b0 G
b0 H
b0 I
b100000000 J
b1111 K
b0 L
b1010010110100010011101110 M
b1010010110100010011101110 N
b101101100001010 O
b0 P
b0 Q
b1100000000100000 R
b111000010000 S
b11 T
b0 U
b101101000101010 V
$end
#8800
b1010010110100010111010001 M
b1010010110100011000011010 N
b101101000110000 V
#9933
b1010010110100010111010101 2
b1 6
b101101000110000 ;
#17066
b1010010110100011010101011 M
b101101000110110 V
#19133
b1010010110100011010101011 2
b1010010110100011000011010 3
b0 6
b101101000110111 ;
#28022
b1010010110100011110010111 2
b101101000111101 ;
#28177
b1010010110100011110001011 M
b101101000111101 V
#40377
b1010010110100100001101011 M
b1010010110100100001110010 N
b101101001000110 V
#40577
b1010010110100100001101100 2
b1010010110100100001110010 3
b101101001000110 ;
#49088
b1010010110100100101010110 2
b1 6
b101101001001100 ;
#49577
b1010010110100100101010101 M
b1010010110100100110011110 N
b101101001001101 V
#57111
b1010010110100101000101011 M
b101101001010010 V
#59333
b1010010110100101000101011 2
b1010010110100100110011110 3
b0 6
b101101001010011 ;
#68866
b1010010110100101100001011 2
b1010010110100101011001010 3
b101101001011001 ;
#69577
b1010010110100101100001011 M
b1010010110100101011001010 N
b101101001011011 V
#79155
b1010010110100101111101011 2
b1010010110100101111110110 3
b101101001100001 ;
#81044
b1010010110100101111101011 M
b1010010110100101111110110 N
b101101001100011 V
#89088
b1010010110100110011001011 2
b1 6
b101101001101000 ;
#90266
b1010010110100110011011001 M
b1010010110100110100100010 N
b101101001101001 V
#99777
b1010010110100110110101011 M
b1 Q
b101101001110000 V
#99911
b1010010110100110110101011 2
b1010010110100110100100010 3
b0 6
b101101001110000 ;
#108666
b1010010110100111010001011 2
b1010010110100111001001110 3
b101101001110101 ;
#110200
b1010010110100111010001011 M
b1010010110100111001001110 N
b0 Q
b101101001110111 V
#118488
b1010010110100111101101011 M
b1010010110100111101111010 N
b101101001111101 V
#119866
b1010010110100111101101010 2
b1010010110100111101111010 3
b101101001111110 ;
#127888
b1010010110101000001001011 M
b101101010000100 V
#128155
b1010010110101000001001011 2
b101101010000011 ;
#137800
b1010010110101000100101010 2
b101101010001010 ;
#140688
b1010010110101000100101011 M
b1 Q
b101101010001101 V
#147177
b1010010110101001000001011 M
b1010010110101000111010010 N
b0 Q
b101101010010001 V
#148488
b1010010110101001000001011 2
b1010010110101000111010010 3
b101101010010010 ;
#159555
b1010010110101001011101010 2
b1010010110101001011111110 3
b101101010011010 ;
b1010010110101001011101011 M
b1010010110101001011111110 N
b101101010011010 V
#167422
b1010010110101001111001011 2
b1 6
b101101010011111 ;
#171355
b1010010110101001111100001 M
b1010010110101010000101010 N
b101101010100010 V
#175666
b1010010110101010010101011 M
b101101010100101 V
#178177
b1010010110101010010101010 2
b1010010110101010000101010 3
b0 6
b101101010100111 ;
#188133
b1010010110101010110001011 M
b1010010110101010101010110 N
b101101010101110 V
#188222
b1010010110101010110001100 2
b1010010110101010101010110 3
b101101010101110 ;
#197311
b101101100100111 !
b10 "
b1010010110101011001101010 2
b1010010110101011010000010 3
b101101100100111 4
b101101010110100 ;
#199955
b101101100100111 <
b10 =
b1010010110101011001101011 M
b1010010110101011010000010 N
b101101100100111 O
b101101010110110 V
#201599
b1010000001100000000001000101 .
b111010101001 8
b101101010110111 ;
#207377
b1010010110101011101001100 2
b1 6
b101101010111011 ;
#208088
b101101101000100 <
b11 =
b1010010110101011101100101 M
b1010010110101011110101110 N
b101101101000100 O
b101101010111100 V
#216444
b1010010110101100000101011 M
b101101011000010 V
#218133
b101101101000100 !
b11 "
b1010010110101100000101010 2
b1010010110101011110101110 3
b101101101000100 4
b0 6
b101101011000011 ;
#228133
b1010010110101100100001011 2
b1010010110101100011011010 3
b101101011001010 ;
#228755
b1010010110101100100001011 M
b1010010110101100011011010 N
b101101011001011 V
#236777
b1010010110101100111101011 M
b101101011010000 V
#237133
b1010010110101100111101010 2
b101101011010000 ;
#247311
b1010010110101101011001011 2
b1 6
b101101011010111 ;
#251533
b101101101100010 <
b100 =
b1010010110101101011101001 M
b1010010110101101100110010 N
b101101101100010 O
b101101011011011 V
#255711
b1010010110101101110101011 M
b101101011011101 V
#257799
b101101101100010 !
b100 "
b1010010110101101110101010 2
b1010010110101101100110010 3
b101101101100010 4
b0 6
b101101011011111 ;
#268688
b1110 #
b1100000000000000011110000 &
b11000000000000000111100000 (
b1010010110101110010001011 2
b1010010110101110001011110 3
b1 9
b101101011100110 ;
#279555
b1110 >
b1011001000000000 @
b1100000000000000011110000 A
b11000000000000000111100000 C
b1010000001100000000001000101 I
b1010010110101110101101100 M
b1010010110101110110001010 N
b111010101010 S
b11100001 T
b101101011101110 V
#284822
b1011001000000000 %
b1010010110101110101101010 2
b1010010110101110110001010 3
b101101011110010 ;
#289622
b11 =
b0 @
b1010010110101111001110000 M
b1010010110101111010110110 N
b101101011110101 V
#289688
b1 "
b0 %
b1010010110101111001001011 2
b1 6
b101101011110101 ;
#296955
b1010010110101111100101011 M
b101101011111010 V
#298888
b1010010110101111100101010 2
b1010010110101111010110110 3
b0 6
b101101011111011 ;
#302555
b10000000000000 J
b101101011111110 V
#305888
b1010010110110000000001011 2
b101101100000000 ;
#307866
b100000000 J
b1010010110110000000001011 M
b101101100000010 V
#318022
b101101101111111 !
b10 "
b1010010110110000011101010 2
b1010010110110000100001110 3
b101101101111111 4
b101101100001001 ;
#319511
b101101101111111 <
b100 =
b1010010110110000011101011 M
b1010010110110000100001110 N
b101101101111111 O
b101101100001010 V
#327177
b1010010110110000111001011 2
b1 6
b101101100001111 ;
#331133
b101101110011100 <
b101 =
b1010010110110000111110001 M
b1010010110110001000111010 N
b101101110011100 O
b101101100010010 V
#335244
b1010010110110001010101011 M
b101101100010101 V
#339977
b101101110011100 !
b1011000000001110 %
b1100000000000000011110000 '
b1000001010010100000000110 )
b10 *
b10111 +
b1001 ,
b1010000001100000000001000101 -
b111 /
b1010010110110001010101010 2
b1010010110110001000111010 3
b101101110011100 4
b1 5
b0 6
b1 :
b101101100011000 ;
#342711
b10 =
b1 Q
b101101100011011 V
#347599
b0 %
b100000000 /
b1010010110110001110001100 2
b1010010110110001101100110 3
b101101100011110 ;
#350200
b1010010110110001110001011 M
b1010010110110001101100110 N
b0 Q
b101101100100000 V
#357466
b101101110111010 !
b11 "
b1010010110110010001101010 2
b1010010110110010010010010 3
b101101110111010 4
b101101100100101 ;
#357977
b101101110111010 <
b11 =
b1010010110110010001101011 M
b1010010110110010010010010 N
b101101110111010 O
b101101100100101 V
#366155
b1010010110110010101001100 2
b101101100101011 ;
#370000
b1011000000001110 @
b1100000000000000011110000 B
b1000001010010100000000110 D
b10 E
b10111 F
b1001 G
b1010000001100000000001000101 H
b1010010110110010101001011 M
b1 P
b1 Q
b11100001 U
b101101100101110 V
#375911
b10 "
b1111 ,
b1010010110110011000101010 2
b1010010110110010110111110 3
b101101100110010 ;
#381466
b10 =
b0 @
b1010010110110011000101011 M
b1010010110110010110111110 N
b101101100110110 V
#383133
b1011000000000010 %
b11 *
b100 /
b10 5
b1 6
b101101100110111 ;
#387422
b0 %
b100000000 /
b1010010110110011100001011 2
b1010010110110011011101010 3
b0 6
b101101100111010 ;
#388333
b1010010110110011100001011 M
b1010010110110011011101010 N
b0 Q
b101101100111011 V
#396200
b1010010110110011111101011 M
b1010010110110100000010110 N
b101101101000000 V
#398111
b1010010110110011111101010 2
b1010010110110100000010110 3
b101101101000001 ;
#403511
b1011000000000010 @
b11 E
b1111 G
b10000000000100 J
b10 P
b101101101000101 V
#407066
b1010010110110100011001011 2
b101101101001000 ;
#409644
b0 @
b100000000 J
b1010010110110100011001011 M
b101101101001010 V
#414866
b1 "
b10011 ,
b10000010000000 /
b101101101001101 ;
#417022
b1010010110110100110101011 M
b1 Q
b101101101001111 V
#419088
b1011000000000010 %
b100 *
b100 /
b1010010110110100110101010 2
b11 5
b101101101010000 ;
#425977
b101101111010111 <
b1010010110110101010001011 M
b1010010110110101001101110 N
b101101111010111 O
b0 Q
b101101101010101 V
#426911
b101101111010111 !
b10 "
b0 %
b100000000 /
b1010010110110101010001100 2
b1010010110110101001101110 3
b101101111010111 4
b101101101010101 ;
#435866
b101101111110100 <
b11 =
b1010010110110101101101011 M
b1010010110110101110011010 N
b101101111110100 O
b101101101011100 V
#436422
b101101111110100 !
b11 "
b1010010110110101101101010 2
b1010010110110101110011010 3
b101101111110100 4
b101101101011100 ;
#444377
b1011000000000010 @
b100 E
b10011 G
b1010010110110110001001011 M
b11 P
b1 Q
b101101101100011 V
#447022
b1010010110110110001001100 2
b1 6
b101101101100100 ;
#454511
b10 "
b10110 ,
b101101101101001 ;
#455800
b101110000010010 <
b100 =
b0 @
b1010010110110110100101011 M
b1010010110110110011000110 N
b101110000010010 O
b0 Q
b101101101101010 V
#459800
b101110000010010 !
b11 "
b1011000000000010 %
b101 *
b100 /
b1010010110110110100101010 2
b1010010110110110011000110 3
b101110000010010 4
b100 5
b0 6
b101101101101101 ;
#467288
b0 %
b100000000 /
b1010010110110111000001011 2
b1010010110110110111110010 3
b101101101110010 ;
#467911
b11 =
b1010010110110111000001011 M
b1010010110110110111110010 N
b101101101110011 V
#475711
b1010010110110111011101011 M
b1010010110110111100011110 N
b101101101111000 V
#476888
b1010010110110111011101010 2
b1010010110110111100011110 3
b101101101111001 ;
#482800
b1011000000000010 @
b101 E
b10110 G
b100 J
b100 P
b101101101111101 V
#485600
b1010010110110111111001100 2
b101101101111111 ;
#490866
b0 @
b100000000 J
b1010010110110111111001011 M
b1 Q
b101101110000011 V
#495400
b1010010110111000010101010 2
b1010010110111000001001010 3
b101101110000110 ;
#496444
b1010010110111000010101011 M
b1010010110111000001001010 N
b0 Q
b101101110000111 V
#507088
b101110000101111 !
b100 "
b1010010110111000110001011 2
b1010010110111000101110110 3
b101110000101111 4
b101101110001110 ;
#507488
b101110000101111 <
b100 =
b1010010110111000110001011 M
b1010010110111000101110110 N
b101110000101111 O
b101101110001110 V
#514844
b1010010110111001001101011 M
b101101110010100 V
#515044
b11 "
b11011 ,
b1010010110111001001101010 2
b101101110010011 ;
#519333
b1011000000000010 %
b110 *
b100 /
b101 5
b101101110010110 ;
#522933
b11 =
b101101110011001 V
#525911
b0 %
b100000000 /
b1010010110111001101001011 2
b101101110011011 ;
#530866
b1010010110111001101001011 M
b1 Q
b101101110011111 V
#535733
b1010010110111010000101010 2
b1010010110111001111001110 3
b101101110100010 ;
#536555
b1010010110111010000101011 M
b1010010110111001111001110 N
b0 Q
b101101110100011 V
#546911
b101110001001100 !
b100 "
b1010010110111010100001011 2
b1010010110111010011111010 3
b101110001001100 4
b101101110101010 ;
#547977
b101110001001100 <
b100 =
b1011000000000010 @
b110 E
b11011 G
b1010010110111010100001011 M
b1010010110111010011111010 N
b101110001001100 O
b101 P
b101101110101011 V
#555755
b101110001101010 <
b101 =
b0 @
b1010010110111010111101011 M
b1010010110111011000100110 N
b101110001101010 O
b101101110110000 V
#557977
b101110001101010 !
b1011000000000010 %
b111 *
b11111 ,
b100 /
b1010010110111010111110010 2
b1010010110111011000100110 3
b101110001101010 4
b110 5
b101101110110010 ;
#564377
b100 =
b1010010110111011011001011 M
b1 Q
b101101110111000 V
#566822
b0 %
b100000000 /
b1010010110111011011001011 2
b101101110111000 ;
#574044
b101 "
b101101110111101 ;
#575555
b1010010110111011110101011 M
b1010010110111011101010010 N
b0 Q
b101101110111110 V
#578022
b1010010110111011110101010 2
b1010010110111011101010010 3
b101101111000000 ;
#586400
b1011000000000010 @
b111 E
b11111 G
b1010010110111100010001011 M
b1010010110111100001111110 N
b110 P
b101101111000110 V
#586911
b1010010110111100010001011 2
b1010010110111100001111110 3
b101101111000110 ;
#594155
b0 @
b1010010110111100101101101 M
b101101111001011 V
#595222
b100 "
b100010 ,
b1010010110111100101101100 2
b101101111001100 ;
#599777
b1011000000000010 %
b1000 *
b100 /
b111 5
b101101111001111 ;
#606755
b0 %
b100000000 /
b1010010110111101001001011 2
b101101111010100 ;
#607400
b11 =
b1010010110111101001001011 M
b1 Q
b101101111010101 V
#615800
b1010010110111101100101110 M
b1010010110111101011010110 N
b0 Q
b101101111011011 V
#616155
b1010010110111101100101010 2
b1010010110111101011010110 3
b101101111011011 ;
#625577
b1010010110111110000001011 2
b1010010110111110000000010 3
b101101111100001 ;
#627200
b1011000000000010 @
b1000 E
b100010 G
b1010010110111110000001011 M
b1010010110111110000000010 N
b111 P
b101101111100011 V
#635755
b0 @
b1010010110111110011110000 M
b1010010110111110100101110 N
b101101111101001 V
#637466
b11 "
b1011000000000010 %
b1001 *
b100111 ,
b100 /
b1010010110111110011101010 2
b1000 5
b1 6
b101101111101010 ;
#643777
b1010010110111110111001011 M
b1 Q
b101101111101110 V
#646711
b0 %
b100000000 /
b1010010110111110111001011 2
b1010010110111110100101110 3
b0 6
b101101111110000 ;
#655355
b1010010110111111010101010 2
b1010010110111111001011010 3
b101101111110110 ;
#655422
b1010010110111111010110000 M
b1010010110111111001011010 N
b0 Q
b101101111110111 V
#662488
b10 =
b101101111111011 V
#666666
b1010010110111111110001011 2
b1010010110111111110000110 3
b101101111111110 ;
#670111
b1010010110111111110001011 M
b1010010110111111110000110 N
b101110000000001 V
#676200
b10 "
b1010 *
b101011 ,
b100 /
b1010010111000000001101010 2
b1 6
b101110000000101 ;
#677733
b101110010000111 <
b11 =
b1010010111000000001110100 M
b1010010111000000010110010 N
b101110010000111 O
b101110000000110 V
#680555
b1011000000000010 %
b1001 5
b101110000001000 ;
#686622
b101110010000111 !
b11 "
b0 %
b100000000 /
b1010010111000000101001011 2
b1010010111000000010110010 3
b101110010000111 4
b0 6
b101110000001100 ;
#687400
b1011000000000010 @
b1001 E
b100111 G
b1010010111000000101001011 M
b1000 P
b1 Q
b101110000001101 V
#691755
b10 "
b1010000100100000000001000101 .
b1 6
b101110000010000 ;
#695111
b101110010100100 <
b100 =
b0 @
b1010010111000001000110011 M
b1010010111000000111011110 N
b101110010100100 O
b0 Q
b101110000010010 V
#695844
b101110010100100 !
b11 "
b1010010111000001000101010 2
b1010010111000000111011110 3
b101110010100100 4
b0 6
b101110000010011 ;
#704800
b1010010111000001100001100 2
b101110000011001 ;
#704933
b11 =
b1010010111000001100001011 M
b101110000011001 V
#715400
b10 "
b101110 ,
b1010010111000001111101010 2
b1 6
b101110000100000 ;
#715733
b1010010111000001111111000 M
b1010010111000010000110110 N
b101110000100001 V
#720355
b1011000000000010 %
b1011 *
b100 /
b1010 5
b101110000100100 ;
#722511
b1011000000000010 @
b1010 E
b101011 G
b100 J
b1001 P
b101110000100110 V
#726577
b0 %
b100000000 /
b1010010111000010011001100 2
b1010010111000010000110110 3
b0 6
b101110000101000 ;
#730555
b0 @
b100000000 J
b1010010111000010011001011 M
b1 Q
b101110000101011 V
#734711
b101110011000010 !
b11 "
b1010010111000010110101010 2
b1010010111000010101100010 3
b101110011000010 4
b101110000101110 ;
#736066
b101110011000010 <
b100 =
b1010010111000010110110110 M
b1010010111000010101100010 N
b101110011000010 O
b0 Q
b101110000101111 V
#746222
b11 =
b1010000100100000000001000101 I
b1010010111000011010001011 M
b1010010111000011010001110 N
b101110000110110 V
#746533
b1010010111000011010001011 2
b1010010111000011010001110 3
b101110000110110 ;
#754044
b10 "
b11 ,
b1010000100100000000001000101 -
b1010010111000011101101010 2
b1 6
b101110000111011 ;
#755755
b1010010111000011101111100 M
b1010010111000011110111010 N
b101110000111100 V
#759266
b1011000000000010 %
b0 *
b100 /
b1011 5
b101110000111111 ;
#764200
b1011000000000010 @
b1011 E
b101110 G
b1010010111000100001001011 M
b1010 P
b1 Q
b101110001000010 V
#769200
b0 %
b100000000 /
b1010010111000100001001100 2
b1010010111000011110111010 3
b101110001000110 ;
#775088
b1010010111000100100101011 2
b1010010111000100011100110 3
b0 6
b101110001001010 ;
#775111
b0 @
b1010010111000100100110110 M
b1010010111000100011100110 N
b0 Q
b101110001001011 V
#783911
b1010010111000101000001011 2
b101110001010001 ;
#784244
b1010010111000101000001011 M
b101110001010001 V
#794088
b1 "
b111 ,
b1010010111000101011101100 2
b1 6
b101110001011000 ;
#795511
b101110011011111 <
b100 =
b1010010111000101100000000 M
b1010010111000101100111110 N
b101110011011111 O
b101110001011001 V
#799400
b1011000000000010 %
b1 *
b100 /
b1100 5
b101110001011011 ;
#800733
b11 =
b101110001011101 V
#804911
b101110011011111 !
b10 "
b0 %
b100000000 /
b1010010111000101111001011 2
b1010010111000101100111110 3
b101110011011111 4
b0 6
b101110001011111 ;
#807977
b1010010111000101111001011 M
b1 Q
b101110001100010 V
#814933
b101110011111100 <
b100 =
b1010010111000110010101011 M
b1010010111000110001101010 N
b101110011111100 O
b0 Q
b101110001100111 V
#815111
b101110011111100 !
b11 "
b1010010111000110010101101 2
b1010010111000110001101010 3
b101110011111100 4
b101110001100110 ;
#825066
b101110100011010 <
b101 =
b1011000000000010 @
b0 E
b11 G
b1010000100100000000001000101 H
b1010010111000110110001011 M
b1010010111000110110010110 N
b101110100011010 O
b1011 P
b101110001101110 V
#826422
b101110100011010 !
b100 "
b1010010111000110110001011 2
b1010010111000110110010110 3
b101110100011010 4
b101110001101110 ;
#835222
b11 "
b1001 ,
b1010010111000111001101100 2
b1 6
b101110001110101 ;
#835511
b0 @
b1010010111000111010000100 M
b1010010111000111011000010 N
b101110001110101 V
#840177
b1011000000001110 %
b1000001010010100000010010 )
b10 *
b111 /
b1101 5
b101110001111000 ;
#844311
b100 =
b1010010111000111101001011 M
b1 Q
b101110001111011 V
#846377
b0 %
b100000000 /
b1010010111000111101001011 2
b1010010111000111011000010 3
b0 6
b101110001111100 ;
#854511
b1010010111001000000101011 2
b1010010111000111111101110 3
b101110010000010 ;
#855000
b1010010111001000000101011 M
b1010010111000111111101110 N
b0 Q
b101110010000011 V
#866333
b1011000000000010 @
b1 E
b111 G
b1010010111001000100001011 M
b1010010111001000100011010 N
b1100 P
b101110010001011 V
#866377
b1010010111001000100001100 2
b1010010111001000100011010 3
b101110010001010 ;
#873844
b10 "
b1111 ,
b1010010111001000111101011 2
b1 6
b101110010010000 ;
#875511
b0 @
b1010010111001001000001000 M
b1010010111001001001000110 N
b101110010010001 V
#879088
b1011000000000010 %
b11 *
b100 /
b1110 5
b101110010010011 ;
#882933
b1010010111001001011001011 M
b101110010010110 V
#884533
b0 %
b100000000 /
b1010010111001001011001011 2
b1010010111001001001000110 3
b0 6
b101110010010111 ;
#888777
b11 =
b101110010011011 V
#893266
b1010010111001001110101011 M
b101110010011110 V
#893488
b1010010111001001110101100 2
b101110010011110 ;
#904444
b101110100110111 <
b100 =
b1011000000001110 @
b1000001010010100000010010 D
b10 E
b1001 G
b1010010111001010010001011 M
b1010010111001010010011110 N
b101110100110111 O
b1101 P
b101110010100110 V
#906288
b101110100110111 !
b11 "
b1010010111001010010001011 2
b1010010111001010010011110 3
b101110100110111 4
b101110010100111 ;
#913911
b10 "
b10011 ,
b1010010111001010101101011 2
b1 6
b101110010101100 ;
#915488
b101110101010100 <
b101 =
b0 @
b1010010111001010110001100 M
b1010010111001010111001010 N
b101110101010100 O
b101110010101101 V
#919288
b1011000000000010 %
b100 *
b100 /
b1111 5
b101110010110000 ;
#923555
b1010010111001011001001011 M
b1 Q
b101110010110011 V
#925288
b101110101010100 !
b11 "
b0 %
b100000000 /
b1010010111001011001001011 2
b1010010111001010111001010 3
b101110101010100 4
b0 6
b101110010110100 ;
#933800
b101110101110010 !
b100 "
b1010010111001011100101011 2
b1010010111001011011110110 3
b101110101110010 4
b101110010111010 ;
#934400
b101110101110010 <
b110 =
b1010010111001011100101011 M
b1010010111001011011110110 N
b101110101110010 O
b0 Q
b101110010111011 V
#943600
b101 =
b1010010111001100000001011 M
b1010010111001100000100010 N
b101110011000001 V
#946222
b1010010111001100000001011 2
b1010010111001100000100010 3
b101110011000011 ;
#953288
b1010010111001100011101011 2
b101110011001000 ;
#955511
b1010010111001100100010000 M
b1010010111001100101001110 N
b101110011001001 V
#958133
b11 "
b1011000000000010 %
b101 *
b10110 ,
b100 /
b10000 5
b1 6
b101110011001011 ;
#962177
b1011000000000010 @
b11 E
b1111 G
b1010010111001100111001011 M
b1110 P
b101110011001110 V
#966222
b0 %
b100000000 /
b1010010111001100111001011 2
b1010010111001100101001110 3
b0 6
b101110011010001 ;
#974222
b0 @
b1010010111001101010101011 M
b1010010111001101001111010 N
b101110011010111 V
#974444
b1010010111001101010101011 2
b1010010111001101001111010 3
b101110011010110 ;
#982066
b1010010111001101110001011 M
b101110011011100 V
#982911
b1010010111001101110001011 2
b101110011011100 ;
#987266
b100 =
b101110011100000 V
#993400
b1010010111001110001101011 2
b101110011100100 ;
#995511
b1010010111001110010010100 M
b1010010111001110011010010 N
b101110011100110 V
#998466
b10 "
b1011000000000010 %
b110 *
b11011 ,
b100 /
b10001 5
b1 6
b101110011100111 ;
#1002644
b1011000000000010 @
b100 E
b10011 G
b1010010111001110101001011 M
b1111 P
b101110011101011 V
#1003888
b0 %
b1010010111001110101001100 2
b1010010111001110011010010 3
b0 6
b101110011101011 ;
#1007288
b100000000 /
b1 6
b101110011101110 ;
#1014022
b101110110001111 <
b101 =
b0 @
b1010010111001111000101011 M
b1010010111001110111111110 N
b101110110001111 O
b101110011110011 V
#1014222
b101110110001111 !
b11 "
b1010010111001111000101100 2
b1010010111001110111111110 3
b101110110001111 4
b0 6
b101110011110010 ;
#1023244
b101110110101100 <
b1010010111001111100001011 M
b1010010111001111100101010 N
b101110110101100 O
b101110011111001 V
#1025155
b101110110101100 !
b100 "
b1010010111001111100001100 2
b1010010111001111100101010 3
b101110110101100 4
b101110011111010 ;
#1033355
b1010010111001111111101110 2
b101110100000000 ;
#1035511
b101110111001010 <
b110 =
b1010010111010000000011000 M
b1010010111010000001010110 N
b101110111001010 O
b101110100000010 V
#1038466
b11 "
b1011000000000010 %
b111 *
b11111 ,
b100 /
b10010 5
b1 6
b101110100000011 ;
#1043888
b101110111001010 !
b100 "
b0 %
b100000000 /
b1010010111010000011001110 2
b1010010111010000001010110 3
b101110111001010 4
b0 6
b101110100000111 ;
#1044333
b1011000000000010 @
b101 E
b10110 G
b1010010111010000011001011 M
b10000 P
b1 Q
b101110100001000 V
#1053866
b0 @
b1010010111010000110101011 M
b1010010111010000110000010 N
b0 Q
b101110100001111 V
#1054288
b1010010111010000110101111 2
b1010010111010000110000010 3
b101110100001111 ;
#1057600
b11 "
b101110100010001 ;
#1061711
b1010010111010001010001011 M
b101110100010100 V
#1061822
b101 "
b101110100010100 ;
#1066066
b1010010111010001010001111 2
b101110100010111 ;
#1073955
b1010010111010001101101111 2
b1 6
b101110100011100 ;
#1075511
b1010010111010001110011100 M
b1010010111010001111011010 N
b101110100011101 V
#1080844
b101 =
b101110100100001 V
#1085044
b1010010111010010001001011 2
b1010010111010001111011010 3
b0 6
b101110100100100 ;
#1088577
b1010010111010010001001011 M
b1 Q
b101110100100110 V
#1093844
b100 "
b100010 ,
b1010010111010010100101011 2
b1010010111010010100000110 3
b101110100101010 ;
#1094177
b1010010111010010100101011 M
b1010010111010010100000110 N
b0 Q
b101110100101011 V
#1097733
b1011000000000010 %
b1000 *
b100 /
b10011 5
b101110100101101 ;
#1105577
b1011000000000010 @
b110 E
b11011 G
b1010010111010011000001011 M
b1010010111010011000110010 N
b10001 P
b101110100110011 V
#1105755
b0 %
b100000000 /
b1010010111010011000010010 2
b1010010111010011000110010 3
b101110100110010 ;
#1113333
b1010010111010011011101011 2
b101110100110111 ;
#1114444
b0 @
b1010010111010011011101011 M
b1 Q
b101110100111001 V
#1125955
b1010010111010011111001011 2
b1010010111010011101011110 3
b101110101000001 ;
#1127755
b100 =
b1010010111010011111001011 M
b1010010111010011101011110 N
b101110101000011 V
#1133511
b1010010111010100010101011 M
b1010010111010100010001010 N
b0 Q
b101110101000111 V
#1134266
b11 "
b100111 ,
b1010010111010100010101011 2
b1010010111010100010001010 3
b101110101000111 ;
#1138688
b1011000000000010 %
b1001 *
b100 /
b10100 5
b101110101001010 ;
#1145044
b1011000000000010 @
b111 E
b11111 G
b1010010111010100110001011 M
b1010010111010100110110110 N
b10010 P
b101110101001111 V
#1146488
b0 %
b100000000 /
b1010010111010100110010111 2
b1010010111010100110110110 3
b101110101001110 ;
#1153644
b1010010111010101001101011 2
b1 6
b101110101010011 ;
#1153844
b0 @
b1010010111010101001101011 M
b1 Q
b101110101010101 V
#1164600
b1010010111010101101001100 2
b1010010111010101011100010 3
b0 6
b101110101011100 ;
#1165266
b11 =
b1010010111010101101001011 M
b1010010111010101011100010 N
b0 Q
b101110101011101 V
#1172822
b1010010111010110000101011 M
b101110101100010 V
#1173177
b1010010111010110000101011 2
b101110101100010 ;
#1176711
b10 "
b1011000000000010 %
b1010 *
b101011 ,
b100 /
b10101 5
b101110101100101 ;
#1183400
b101110111100111 <
b100 =
b1011000000000010 @
b1000 E
b100010 G
b1010010111010110100001011 M
b1010010111010110100111010 N
b101110111100111 O
b10011 P
b101110101101010 V
#1185866
b101110111100111 !
b0 %
b1010010001100000000001000101 .
b100000000 /
b1010010111010110100011011 2
b1010010111010110100111010 3
b101110111100111 4
b101110101101010 ;
#1192444
b1010010111010110111101011 2
b101110101101111 ;
#1193733
b0 @
b1010010111010110111101011 M
b1 Q
b101110101110001 V
#1203111
b101111000000100 <
b1010010111010111011001011 M
b1010010111010111001100110 N
b101111000000100 O
b101110101111000 V
#1204800
b101111000000100 !
b11 "
b1010010111010111011001011 2
b1010010111010111001100110 3
b101111000000100 4
b101110101111000 ;
#1212911
b101111000100010 <
b101 =
b1010010111010111110101011 M
b1010010111010111110010010 N
b101111000100010 O
b0 Q
b101110101111110 V
#1213511
b101111000100010 !
b101110 ,
b1010010111010111110101011 2
b1010010111010111110010010 3
b101111000100010 4
b101110101111111 ;
#1217355
b1011000000000010 %
b1011 *
b100 /
b10110 5
b101110110000001 ;
#1224822
b0 %
b100000000 /
b1010010111011000010011110 2
b1010010111011000010111110 3
b101110110000110 ;
#1224911
b1011000000000010 @
b1001 E
b100111 G
b1010010111011000010001101 M
b1010010111011000010111110 N
b10100 P
b101110110000111 V
#1233088
b10 "
b1010010111011000101101100 2
b101110110001011 ;
#1233733
b0 @
b1010010111011000101101011 M
b1 Q
b101110110001101 V
#1237133
b11 "
b1 6
b101110110001110 ;
#1245577
b1010010111011001001001011 2
b1010010111011000111101010 3
b0 6
b101110110010101 ;
#1247155
b100 =
b1010010111011001001001011 M
b1010010111011000111101010 N
b101110110010111 V
#1253222
b1010010111011001100101011 M
b1010010111011001100010110 N
b0 Q
b101110110011011 V
#1253644
b10 "
b11 ,
b1010010001100000000001000101 -
b1010010111011001100101100 2
b1010010111011001100010110 3
b101110110011011 ;
#1257600
b1011000000000010 %
b0 *
b100 /
b10111 5
b101110110011110 ;
#1264311
b1011000000000010 @
b1010 E
b101011 G
b1010010111011010000001111 M
b1010010111011010001000010 N
b10101 P
b101110110100011 V
#1265600
b0 %
b100000000 /
b1010010111011010000100010 2
b1010010111011010001000010 3
b101110110100011 ;
#1272666
b0 @
b1010010111011010011101011 M
b101110110101001 V
#1273111
b1010010111011010011101011 2
b101110110101000 ;
#1280666
b1010010111011010111001011 M
b101110110101110 V
#1282888
b1010010111011010111001100 2
b101110110101111 ;
#1287911
b11 =
b1010010001100000000001000101 I
b1 Q
b101110110110011 V
#1293733
b101111000111111 !
b111 ,
b1010010111011011010101100 2
b1010010111011011010011010 3
b101111000111111 4
b101110110110111 ;
#1293866
b101111000111111 <
b100 =
b1010010111011011010101011 M
b1010010111011011010011010 N
b101111000111111 O
b0 Q
b101110110110111 V
#1297933
b1011000000000010 %
b1 *
b100 /
b11000 5
b101110110111010 ;
#1304866
b101111001011100 <
b101 =
b1011000000000010 @
b1011 E
b101110 G
b1010010111011011110010010 M
b1010010111011011111000110 N
b101111001011100 O
b10110 P
b101110110111111 V
#1305666
b101111001011100 !
b11 "
b0 %
b100000000 /
b1010010111011011110100111 2
b1010010111011011111000110 3
b101111001011100 4
b101110110111111 ;
#1310577
b0 @
b1010010111011100001101011 M
b1 Q
b101110111000011 V
#1311511
b1010010111011100001101011 2
b101110111000011 ;
#1319844
b100 =
b0 Q
b101110111001010 V
#1324111
b101111001111010 !
b100 "
b1010010111011100101001011 2
b1010010111011100011110010 3
b101111001111010 4
b101110111001100 ;
#1329422
b101111001111010 <
b101 =
b1010010111011100101001011 M
b1010010111011100011110010 N
b101111001111010 O
b101110111010000 V
#1333066
b11 "
b1001 ,
b1010010111011101000101011 2
b1010010111011101000011110 3
b101110111010011 ;
#1335155
b1010010111011101000101011 M
b1010010111011101000011110 N
b101110111010100 V
#1336644
b1011000000001110 %
b1000001010010100100000110 )
b10 *
b111 /
b11001 5
b101110111010101 ;
#1345600
b0 %
b100000000 /
b1010010111011101100101011 2
b1010010111011101101001010 3
b101110111011011 ;
#1346155
b1011000000000010 @
b0 E
b11 G
b1010010001100000000001000101 H
b1010010111011101100010101 M
b1010010111011101101001010 N
b10111 P
b101110111011100 V
#1352533
b1010010111011101111101011 2
b101110111100000 ;
#1352555
b0 @
b1010010111011101111101011 M
b101110111100001 V
#1361733
b1010010111011110011001100 2
b101110111100111 ;
#1362266
b1010010111011110011001011 M
b101110111101000 V
#1372266
b100 =
b1010010111011110110101011 M
b1010010111011110110100010 N
b101110111101111 V
#1373177
b10 "
b1111 ,
b1010010111011110110101011 2
b1010010111011110110100010 3
b101110111101111 ;
#1376911
b1011000000000010 %
b11 *
b100 /
b11010 5
b101110111110001 ;
#1382666
b0 %
b1010010111011111010001011 2
b1 6
b101110111110110 ;
#1383977
b101111010010111 <
b101 =
b1011000000000010 @
b1 E
b111 G
b100000100 J
b1010010111011111010001010 M
b1010010111011111011001110 N
b101111010010111 O
b11000 P
b101110111110111 V
#1385999
b100000000 /
b101110111111000 ;
#1393555
b101111010010111 !
b11 "
b1010010111011111101101100 2
b1010010111011111011001110 3
b101111010010111 4
b101110111111101 ;
#1393733
b0 @
b100000000 J
b1010010111011111101101011 M
b1 Q
b101110111111110 V
#1403777
b101111010110100 <
b110 =
b1010010111100000001001011 M
b1010010111011111111111010 N
b101111010110100 O
b101111000000101 V
#1404555
b101111010110100 !
b100 "
b1010010111100000001001100 2
b1010010111011111111111010 3
b101111010110100 4
b0 6
b101111000000101 ;
#1412488
b101111011010010 <
b111 =
b1010010111100000100101011 M
b1010010111100000100100110 N
b101111011010010 O
b0 Q
b101111000001011 V
#1413311
b101111011010010 !
b10011 ,
b1010010111100000100101011 2
b1010010111100000100100110 3
b101111011010010 4
b101111000001011 ;
#1417222
b1011000000000010 %
b100 *
b100 /
b11011 5
b101111000001110 ;
#1423511
b0 %
b100000000 /
b1010010111100001000001100 2
b1 6
b101111000010010 ;
#1424822
b110 =
b1010010111100001000001100 M
b1010010111100001001010010 N
b101111000010011 V
#1430533
b1010010111100001011101011 M
b1 Q
b101111000011000 V
#1432977
b1010010111100001011101011 2
b1010010111100001001010010 3
b0 6
b101111000011001 ;
#1443044
b1011000000001110 @
b1000001010010100100000110 D
b10 E
b1001 G
b111 J
b1010010111100001111001011 M
b1010010111100001101111110 N
b11001 P
b101111000100000 V
#1443599
b1010010111100001111001011 2
b1010010111100001101111110 3
b101111000100000 ;
#1452311
b0 @
b100000000 J
b1010010111100010010101011 M
b1010010111100010010101010 N
b0 Q
b101111000100111 V
#1452777
b1010010111100010010101100 2
b1010010111100010010101010 3
b101111000100111 ;
#1456333
b11 "
b1011000000000010 %
b101 *
b10110 ,
b100 /
b11100 5
b101111000101001 ;
#1460422
b101 =
b1010010111100010110001011 M
b101111000101101 V
#1463244
b0 %
b100000000 /
b1010010111100010110001011 2
b101111000101110 ;
#1471444
b1010010111100011001101011 2
b101111000110100 ;
#1473466
b1010010111100011001101011 M
b1 Q
b101111000110110 V
#1483644
b1011000000000010 @
b11 E
b1111 G
b100 J
b1010010111100011101001011 M
b1010010111100011100000010 N
b11010 P
b101111000111101 V
#1483977
b1010010111100011101001011 2
b1010010111100011100000010 3
b101111000111101 ;
#1492377
b101111011101111 <
b110 =
b0 @
b100000000 J
b1010010111100100000101011 M
b1010010111100100000101110 N
b101111011101111 O
b0 Q
b101111001000011 V
#1492955
b101111011101111 !
b11011 ,
b1010010111100100000101011 2
b1010010111100100000101110 3
b101111011101111 4
b101111001000011 ;
#1496666
b1011000000000010 %
b110 *
b100 /
b11101 5
b101111001000110 ;
#1501533
b101111100001100 <
b111 =
b1010010111100100100010100 M
b1010010111100100101011010 N
b101111100001100 O
b101111001001001 V
#1502444
b0 %
b100000000 /
b1010010111100100100001100 2
b1 6
b101111001001010 ;
#1507333
b110 =
b101111001001110 V
#1512488
b101111100001100 !
b100 "
b1010010111100100111101011 2
b1010010111100100101011010 3
b101111100001100 4
b0 6
b101111001010001 ;
#1513733
b1010010111100100111101011 M
b1 Q
b101111001010010 V
#1522777
b101111100101010 !
b101 "
b1010010111100101011001011 2
b1010010111100101010000110 3
b101111100101010 4
b101111001011000 ;
#1522933
b101111100101010 <
b111 =
b1011000000000010 @
b100 E
b10011 G
b100 J
b1010010111100101011001011 M
b1010010111100101010000110 N
b101111100101010 O
b11011 P
b101111001011000 V
#1531666
b1010010111100101110101011 2
b1010010111100101110110010 3
b101111001011110 ;
#1533266
b0 @
b100000000 J
b1010010111100101110101011 M
b1010010111100101110110010 N
b0 Q
b101111001100000 V
#1535711
b100 "
b1011000000000010 %
b111 *
b11111 ,
b100 /
b11110 5
b101111001100001 ;
#1544155
b110 =
b1010010111100110010011000 M
b1010010111100110011011110 N
b101111001100111 V
#1545311
b111 "
b0 %
b1000000000000 /
b101 0
b1010010111100110011000100 1
b1010010111100110011000100 2
b1 6
b101111001101000 ;
#1549866
b1010010111100110101101011 M
b101111001101011 V
#1561555
b101 E
b10110 G
b100 J
b1010010111100111001001011 M
b1010010111100111000001010 N
b101111001110100 V
#1567844
b1011000000000010 @
b11100 P
b101111001111000 V
#1572177
b0 @
b100000000 J
b1010010111100111100101011 M
b101111001111011 V
#1581488
b101 =
b1010010111101000000011100 M
b1010010111101000001100010 N
b101111010000001 V
#1590599
b1010010111101000011101011 M
b101111010000111 V
#1603155
b1011000000000010 @
b110 E
b11011 G
b100 J
b1010010111101000111001011 M
b1010010111101000110001110 N
b11101 P
b101111010010001 V
#1612133
b0 @
b100000000 J
b1010010111101001010101011 M
b1010010111101001010111010 N
b101111010010111 V
#1624466
b100 =
b1010010111101001110100000 M
b1010010111101001111100110 N
b101111010100000 V
#1630155
b1010010111101010001101011 M
b101111010100100 V
#1641822
b1011000000000010 @
b111 E
b11111 G
b100 J
b1010010111101010101001011 M
b11110 P
b101111010101100 V
#1652333
b0 @
b1000000000000 J
b101 K
b1010010111101011001010100 L
b1010010111101011001010100 M
b101111010110011 V
#2746977
b100011 #
b100000000 /
b1111 0
b1010010111100111000001010 3
b110000 6
b101111001100111 ;
#2851022
b100011 >
b1111 K
b110010 Q
b110000111111110 V
#2863399
b100000000 J
b1010010111101011101101010 N
b110001 Q
b101111010110100 V
#2875399
b101111101000111 <
b101 =
b1010010111101100010010110 N
b101111101000111 O
b110000 Q
b101111010110101 V
#6719288
b100010 #
b1010011000000111110101010 2
b1010010111101000001100010 3
b101111 6
b110100101010000 ;
#6730488
b1010011000001000001111011 2
b1010010111101000110001110 3
b101110 6
b110100101011000 ;
#6738555
b1010011000001000101011101 2
b1010010111101001010111010 3
b101101 6
b110100101011101 ;
#6741088
b101 "
b110100101011111 ;
#6750288
b1010011000001001000111011 2
b1010010111101001111100110 3
b101100 6
b110100101100110 ;
#6759044
b1010011000001001100011111 2
b1010010111101011000111110 3
b101011 6
b110100101101100 ;
#6770377
b1010011000001001111111011 2
b1010010111101011101101010 3
b101010 6
b110100101110100 ;
#6778444
b101111101000111 !
b110 "
b1010011000001010011100000 2
b1010010111101100010010110 3
b101111101000111 4
b101001 6
b110100101111001 ;
#6780866
b101 "
b1010010100100000000001000101 .
b110100101111011 ;
#6784911
b100 "
b100010 ,
b110100101111110 ;
#6790533
b101111101100100 !
b101 "
b1011000000000010 %
b1000 *
b1010011000001010110111100 2
b1010010111101100111000010 3
b101111101100100 4
b11111 5
b101000 6
b110100110000010 ;
#6800666
b101111110000001 !
b110 "
b0 %
b1010011000001011010100011 2
b1010010111101101011101110 3
b101111110000001 4
b100111 6
b110100110001001 ;
#6846022
b101111101100100 <
b110 =
b100010 >
b1010011000001101000110110 M
b1010010111101100111000010 N
b101111101100100 O
b101111 Q
b101111011001111 V
#6856266
b101111110000001 <
b1010011000001101011111110 M
b1010010111101101011101110 N
b101111110000001 O
b101110 Q
b101111011011001 V
#6865399
b1010011000001101111011110 M
b1010010111101110000011010 N
b101101 Q
b101111011100001 V
#6871688
b1000 E
b100010 G
b101111011100101 V
#6879333
b1011000000000010 @
b1010011000001110010111110 M
b1010010111101110101000110 N
b11111 P
b101100 Q
b101111011101111 V
#6885311
b0 @
b1010011000001110110011110 M
b1010010111101111110011110 N
b101011 Q
b101111011111101 V
#6891155
b101 =
b101111100000001 V
#6898266
b101111110011111 <
b110 =
b1010011000001111001111110 M
b1010010111110000011001010 N
b101111110011111 O
b101010 Q
b101111100001010 V
#6905222
b101111110111100 <
b111 =
b1010011000001111101011110 M
b1010010111110000111110110 N
b101111110111100 O
b101001 Q
b101111100010000 V
#6915866
b110 =
b1011000000000010 @
b1001 E
b100111 G
b1010011000010000000111110 M
b1010010111110001100100010 N
b100000 P
b101000 Q
b101111100011011 V
#6926755
b101111111011001 <
b111 =
b0 @
b1010011000010000100100000 M
b1010010111110010001001110 N
b101111111011001 O
b100111 Q
b101111100100100 V
#7069533
b110000010001001 !
b1001 "
b1000001010010100100010010 )
b11 *
b1111 ,
b1010010100100000000001000101 -
b100 /
b1010011000010111001100110 2
b1010011000000000001101110 3
b110000010001001 4
b1100 6
b110101001000110 ;
#7083555
b1011000000000010 %
b100000000 /
b1010011000010111100011011 2
b1010011000000000110011010 3
b100110 5
b1011 6
b110101001010000 ;
#7087311
b1010011000010111111111010 2
b1010011000000001011000110 3
b110101001010011 ;
#7093399
b110101001010111 ;
#7098022
b110000010100111 !
b1010100001100000000001000101 .
b1010011000011000011011011 2
b1010011000000001111110010 3
b110000010100111 4
b1010 6
b110101001011010 ;
#7104177
b1000 "
b10011 ,
b1011 6
b110101001011110 ;
#7109777
b110000011000100 !
b1001 "
b1011000000001110 %
b100 *
b100 /
b1010011000011000111001101 2
b1010011000000010100011110 3
b110000011000100 4
b100111 5
b1010 6
b110101001100010 ;
#7113622
b1011000000000010 %
b110101001100101 ;
#7114644
b110000010001001 <
b1000 =
b1011000000000010 @
b1000001010010100100010010 D
b10 E
b1001 G
b1010010100100000000001000101 H
b1010010100100000000001000101 I
b1010011000011000110111101 M
b1010010111111111000010110 N
b110000010001001 O
b100001 P
b10100 Q
b101111111110010 V
#7119977
b110000011100001 !
b1010 "
b100000000 /
b1010011000011001010100011 2
b1010011000000011001001010 3
b110000011100001 4
b110101001101010 ;
#7126999
b1010011000011001010011110 M
b1010011000000000001101110 N
b100101 P
b10011 Q
b110000000000111 V
#7128933
b0 %
b1010011000011001101111010 2
b1010011000000011101110110 3
b110101001110000 ;
#7134755
b111 =
b11 E
b1111 G
b1010011000011001110000001 M
b1010011000000000110011010 N
b100110 P
b10010 Q
b110000000001110 V
#7137511
b1010011000011010001011011 2
b1010011000000100111001110 3
b1001 6
b110101001110110 ;
#7140111
b110000000010010 V
#7144755
b1001 "
b10110 ,
b110101001111011 ;
#7145755
b1011000000001110 @
b1010011000011010001011110 M
b1010011000000001011000110 N
b10001 Q
b110000000011001 V
#7151133
b1011000000000010 %
b101 *
b100 /
b1010011000011010101001010 2
b1010011000000101011111010 3
b101000 5
b110101001111111 ;
#7155711
b110000010100111 <
b1000 =
b1011000000000010 @
b100 E
b10011 G
b1010011000011010100111110 M
b1010011000000001111110010 N
b110000010100111 O
b100111 P
b10010000 Q
b110000000100010 V
#7157400
b0 %
b100000000 /
b1010011000011011000011011 2
b1010011000000110000100110 3
b1000 6
b110101010000100 ;
#7161066
b110000000100110 V
#7165377
b0 @
b1010011000011011000011110 M
b110000000101001 V
#7170133
b110000011111111 !
b1010 "
b1010011000011011011111010 2
b1010011000000110101010010 3
b110000011111111 4
b110101010001101 ;
#7174444
b111 =
b1010011000011011011111110 M
b10000 Q
b110000000101111 V
#7177311
b110000100011100 !
b1011 "
b1010011000011011111011011 2
b1010011000000111001111110 3
b110000100011100 4
b111 6
b110101010010010 ;
#7185866
b110000011000100 <
b1000 =
b1010011000011011111011110 M
b1010011000000010100011110 N
b110000011000100 O
b110000000101011 V
#7186222
b110000100111001 !
b110 *
b11011 ,
b100 /
b1010011000011100011001010 2
b1010011000000111110101010 3
b110000100111001 4
b110101010011000 ;
#7191333
b1011000000000010 %
b101001 5
b110101010011100 ;
#7194822
b110000011100001 <
b1001 =
b1011000000000010 @
b101 E
b10110 G
b1010011000011100010111110 M
b1010011000000011001001010 N
b110000011100001 O
b101000 P
b110000000110101 V
#7198200
b0 %
b100000000 /
b1010011000011100110101011 2
b1010011000001001000000010 3
b110101010100001 ;
#7203933
b0 @
b1010011000011100110011110 M
b1010011000000011101110110 N
b1111 Q
b110000000111101 V
#7204133
b1010 "
b11111 ,
b110101010100101 ;
#7211866
b1011000000000010 %
b111 *
b100 /
b1010011000011101010001011 2
b1010011000001001100101110 3
b101010 5
b110101010101010 ;
#7214822
b1000 =
b1010011000011101001111110 M
b1010011000000100111001110 N
b110000001010001 V
#7217066
b0 %
b100000000 /
b1010011000011101101011011 2
b1010011000001010001011010 3
b110 6
b110101010101110 ;
#7225644
b1010011000011101101011110 M
b1010011000000101011111010 N
b10001111 Q
b110000001011010 V
#7228133
b110000101010111 !
b1011 "
b1010011000011110000111010 2
b1010011000001010110000110 3
b110000101010111 4
b110101010110110 ;
#7233755
b1011000000000010 @
b110 E
b11011 G
b1010011000011110000111110 M
b101001 P
b110000001100000 V
#7238444
b110000101110100 !
b1100 "
b1010011000011110100101111 2
b1010011000001011010110010 3
b110000101110100 4
b110101010111101 ;
#7242222
b0 @
b1010011000011110100011110 M
b10010000 Q
b110000001100110 V
#7245222
b1011 "
b100010 ,
b1010011000011110111111010 2
b1010011000001100100001010 3
b101 6
b110101011000010 ;
#7252644
b1011000000000010 %
b1000 *
b100 /
b1010011000011111000001110 2
b101011 5
b110 6
b110101011000111 ;
#7252666
b1010011000011110111111101 M
b10000 Q
b110000001101101 V
#7257466
b110000110010001 !
b1100 "
b0 %
b100000000 /
b1010011000011111011011011 2
b1010011000001101000110110 3
b110000110010001 4
b101 6
b110101011001010 ;
#7258111
b111 =
b110000001110001 V
#7265422
b1010011000011111011011110 M
b1010011000000110000100110 N
b110000001100100 V
#7267422
b1010011000011111110111010 2
b1010011000001101101100010 3
b100 6
b110101011010001 ;
#7275355
b110000011111111 <
b1000 =
b1011000000000010 @
b111 E
b11111 G
b1010011000011111110111110 M
b1010011000000110101010010 N
b110000011111111 O
b101010 P
b10010000 Q
b110000001101101 V
#7278177
b1010011000100000010110011 2
b1010011000001110010001110 3
b110101011011001 ;
#7283133
b0 @
b1010011000100000010011110 M
b110000001110011 V
#7284311
b1011 "
b100111 ,
b11 6
b110101011011101 ;
#7292777
b1011000000000010 %
b1001 *
b100 /
b1010011000100000110010001 2
b1010011000001110110111010 3
b101100 5
b100 6
b110101011100011 ;
#7293355
b111 =
b1010011000100000101111101 M
b10001 Q
b110000001111010 V
#7297666
b110000110101111 !
b1100 "
b0 %
b100000000 /
b1010011000100001001011011 2
b1010011000001111011100110 3
b110000110101111 4
b11 6
b110101011100110 ;
#7305244
b110000100011100 <
b1000 =
b1010011000100001001011110 M
b1010011000000111001111110 N
b110000100011100 O
b110000001110110 V
#7306911
b110000111001100 !
b1101 "
b1010011000100001100111010 2
b1010011000010000000010010 3
b110000111001100 4
b110101011101101 ;
#7314977
b110000100111001 <
b1001 =
b1000 E
b100010 G
b1010011000100001101000001 M
b1010011000000111110101010 N
b110000100111001 O
b110000010000000 V
#7318111
b1010011000100010001000010 2
b1010011000010001001101010 3
b110101011110101 ;
#7322022
b1100 "
b110101011111000 ;
#7323222
b1011000000000010 @
b1010011000100010000011110 M
b1010011000001001000000010 N
b101011 P
b10000 Q
b110000010010010 V
#7327200
b110000111101001 !
b1101 "
b1011000000000010 %
b1010 *
b101011 ,
b100 /
b1010011000100010100010011 2
b1010011000010001110010110 3
b110000111101001 4
b101101 5
b110101011111011 ;
#7333688
b1000 =
b0 @
b1010011000100010100000000 M
b1010011000001001100101110 N
b110000010011011 V
#7336822
b0 %
b100000000 /
b1010011000100010111011011 2
b1010011000010010011000010 3
b10 6
b110101100000010 ;
#7343911
b1100 "
b110101100000111 ;
#7345333
b1010011000100010111011110 M
b1010011000001010001011010 N
b10010000 Q
b110000010100101 V
#7348400
b1110 "
b1010011000100011010111010 2
b1010011000010010111101110 3
b110101100001010 ;
#7351422
b1001 E
b100111 G
b1010011000100011011000011 M
b10000 Q
b110000010101010 V
#7357622
b111 =
b1011000000000010 @
b101100 P
b110000010101110 V
#7358022
b1010011000100011110011011 2
b1010011000010011100011010 3
b110101100010001 ;
#7363422
b110000101010111 <
b1000 =
b0 @
b1010011000100011110011110 M
b1010011000001010110000110 N
b110000101010111 O
b10001111 Q
#7367133
b1101 "
b1011000000000010 %
b1011 *
b101110 ,
b100 /
b1010011000100100010010110 2
b1010011000010100001000110 3
b101110 5
b1 6
b110101100010111 ;
#7371711
b1010 E
b101011 G
b100000100 J
b1010011000100100010000100 M
b10010000 Q
b110000010110100 V
#7376488
b0 %
b100000000 /
b1010011000100100101011100 2
b1010011000010100101110010 3
b0 6
b110101100011110 ;
#7377799
b1011000000000010 @
b101101 P
b110000010111000 V
#7384777
b0 @
b100000000 J
b1010011000100100101011110 M
b10010001 Q
b110000010111101 V
#7385066
b1010011000100101000111010 2
b1010011000010101111001010 3
b110101100100100 ;
#7392777
b1010011000100101000111110 M
b10001 Q
b110000011000011 V
#7396800
b1010011000100101100011100 2
b1 6
b110101100101100 ;
#7402711
b110000101110100 <
b1010100001100000000001000101 I
b1010011000100101100011110 M
b1010011000001011010110010 N
b110000101110100 O
b110000010110111 V
#7405933
b1100 "
b0 *
b11 ,
b1010100001100000000001000101 -
b100 /
b1010011000100110000011000 2
b1010011000010110011110110 3
b0 6
b110101100110011 ;
#7412266
b1011000000000010 %
b101111 5
b1 6
b110101100110111 ;
#7414533
b1011000000000010 @
b1011 E
b101110 G
b100000100 J
b1010011000100110000001000 M
b1010011000001100100001010 N
b101110 P
b110000011001010 V
#7417133
b0 %
b100000000 /
b1010011000100110011011011 2
b1010011000010111000100010 3
b0 6
b110101100111010 ;
#7424955
b110000110010001 <
b1001 =
b0 @
b100000000 J
b1010011000100110011011110 M
b1010011000001101000110110 N
b110000110010001 O
b110000011010100 V
#7427000
b110001000000111 !
b1011 "
b1011000000000010 %
b1 *
b111 ,
b1010100100100000000001000101 .
b100 /
b1010011000100110111011010 2
b1010011000010111101001110 3
b110001000000111 4
b110000 5
b110101101000001 ;
#7433222
b1000 =
b1010011000100110110111110 M
b1010011000001101101100010 N
b10000 Q
b110000011011101 V
#7436800
b0 %
b100000000 /
b1010011000100111010011011 2
b1 6
b110101101001000 ;
#7443088
b1010011000100111010011110 M
b1010011000001110010001110 N
b1111 Q
b110000011100110 V
#7445044
b110001000100100 !
b1100 "
b1010011000100111101111010 2
b1010011000011000001111010 3
b110001000100100 4
b0 6
b110101101001110 ;
#7454066
b1010011000101000001011011 2
b110101101010100 ;
#7455822
b1011000000000010 @
b0 E
b11 G
b1010100001100000000001000101 H
b100000100 J
b1010011000100111110001100 M
b1010011000001110110111010 N
b101111 P
b110000011110000 V
#7464311
b110001001000001 !
b1001 ,
b1010011000101000100111010 2
b1010011000011001011010010 3
b110001001000001 4
b110101101011100 ;
#7464799
b110000110101111 <
b1001 =
b0 @
b100000000 J
b1010011000101000001011110 M
b1010011000001111011100110 N
b110000110101111 O
b110000011111010 V
#7468977
b1011000000001110 %
b1000001010010101000000110 )
b10 *
b111 /
b1010011000101000101011100 2
b110001 5
b110101101011111 ;
#7474599
b110000111001100 <
b1010011000101000100111110 M
b1010011000010000000010010 N
b110000111001100 O
b110000100000011 V
#7476733
b0 %
b100000000 /
b1010011000101001000011011 2
b1 6
b110101101100100 ;
#7482866
b1010011000101001000011110 M
b1010011000010001001101010 N
b1110 Q
b110000100010101 V
#7484933
b1010011000101001011111010 2
b1010011000011001111111110 3
b0 6
b110101101101010 ;
#7496111
b1010011000101001111011011 2
b1010011000011010100101010 3
b110101101110010 ;
#7496244
b110000111101001 <
b1010 =
b1011000000000010 @
b1 E
b111 G
b100000100 J
b1010011000101001100010000 M
b1010011000010001110010110 N
b110000111101001 O
b110000 P
b110000100100000 V
#7504666
b0 @
b100000000 J
b1010011000101001111011110 M
b1010011000010010011000010 N
b110000100101001 V
#7504866
b1011 "
b1111 ,
b1010011000101010010111010 2
b1010011000011011001010110 3
b110101101111000 ;
#7510000
b1011000000000010 %
b11 *
b100 /
b1010011000101010011011111 2
b110010 5
b110101101111100 ;
#7512399
b1010011000101010010111110 M
b1010011000010010111101110 N
b1101 Q
b110000100110001 V
#7516111
b0 %
b100000000 /
b1010011000101010110011011 2
b1 6
b110101110000000 ;
#7521822
b1001 =
b1010011000101010110011110 M
b1010011000010011100011010 N
b110000100111010 V
#7524400
b110001001011111 !
b1100 "
b1010011000101011001111010 2
b1010011000011011110000010 3
b110001001011111 4
b0 6
b110101110000110 ;
#7533111
b1000001010010101000000110 D
b10 E
b1001 G
b100000111 J
b1010011000101011010010100 M
b1010011000010100001000110 N
b110000101000011 V
#7536044
b110001001111100 !
b1010011000101011101011011 2
b1010011000011100010101110 3
b110001001111100 4
b110101110001110 ;
#7539399
b1011000000001110 @
b110001 P
b1100 Q
b110000101001000 V
#7543933
b10011 ,
b1010011000101100000111010 2
b1010011000011100111011010 3
b110101110010100 ;
#7545711
b0 @
b100000000 J
b1010011000101011101011110 M
b1010011000010100101110010 N
b110000101001111 V
#7548466
b1011000000000010 %
b100 *
b100 /
b1010011000101100001100010 2
b110011 5
b110101110010111 ;
#7553822
b1000 =
b1010011000101100000111110 M
b1010011000010101111001010 N
b1011 Q
b110000101100001 V
#7555177
b0 %
b100000000 /
b1010011000101100100011011 2
b110101110011100 ;
#7562755
b1010011000101100100011110 M
b1010011000010110011110110 N
b110000101101001 V
#7563333
b1010011000101100111111010 2
b110101110100001 ;
#7575755
b111 =
b1011000000000010 @
b11 E
b1111 G
b100000100 J
b1010011000101101000011000 M
b1010011000010111000100010 N
b110010 P
b110000101110100 V
#7576000
b110001010011001 !
b1101 "
b1010011000101101011011011 2
b1010011000011110000110010 3
b110001010011001 4
b110101110101010 ;
#7584400
b1100 "
b10110 ,
b1010011000101101110111010 2
b1010011000011110101011110 3
b110101110110000 ;
#7584444
b110001000000111 <
b1000 =
b0 @
b100000000 J
b1010011000101101011011110 M
b1010011000010111101001110 N
b110001000000111 O
b110000101111101 V
#7589177
b1011000000000010 %
b101 *
b100 /
b1010011000101101111100100 2
b110100 5
b110101110110011 ;
#7593088
b110001000100100 <
b1001 =
b1011000000000010 @
b100 E
b10011 G
b100 J
b1010011000101101111100100 M
b1010011000011000001111010 N
b110001000100100 O
b110011 P
b10001010 Q
b110000110000110 V
#7593355
b0 %
b1010011000101110010011011 2
b1 6
b110101110110110 ;
#7598066
b100000000 /
b110101110111010 ;
#7601155
b0 @
b100000000 J
b1010011000101110010011110 M
b10001011 Q
b110000110001011 V
#7604933
b1010011000101110101111010 2
b1010011000011111010001010 3
b0 6
b110101110111111 ;
#7613799
b1000 =
b1010011000101110110011100 M
b1100 Q
b110000110010100 V
#7614466
b1010011000101111001011011 2
b1010011000011111110110110 3
b110101111000101 ;
#7624444
b110001001000001 <
b1001 =
b1010011000101111001011110 M
b1010011000011001011010010 N
b110001001000001 O
b110000110011010 V
#7624666
b110001010110111 !
b11011 ,
b1010011000101111100111100 2
b1010011000100000011100010 3
b110001010110111 4
b110101111001100 ;
#7629755
b1011000000000010 %
b110 *
b100 /
b1010011000101111101100111 2
b110101 5
b110101111010000 ;
#7633799
b1011000000000010 @
b101 E
b10110 G
b100 J
b1010011000101111101100100 M
b1010011000011001111111110 N
b110100 P
b1011 Q
b110000110100010 V
#7633977
b0 %
b100000000 /
b1010011000110000000011011 2
b1 6
b110101111010011 ;
#7641288
b0 @
b100000000 J
b1010011000110000000011110 M
b1010011000011010100101010 N
b1010 Q
b110000110101010 V
#7644177
b110001011010100 !
b11111 ,
b1010011000110000011111100 2
b1010011000100001000001110 3
b110001011010100 4
b0 6
b110101111011010 ;
#7649133
b1011000000000010 %
b111 *
b100 /
b1010011000110000100101000 2
b110110 5
b110101111011110 ;
#7653355
b0 %
b100000000 /
b1010011000110000111011011 2
b110101111100001 ;
#7655644
b1000 =
b1010011000110000100100000 M
b1010011000011011001010110 N
b110000110110110 V
#7663733
b110001011110001 !
b1101 "
b1010011000110001010111100 2
b1010011000100010001100110 3
b110001011110001 4
b110101111101000 ;
#7664288
b110001001011111 <
b1001 =
b1010011000110000111011110 M
b1010011000011011110000010 N
b110001001011111 O
b10001010 Q
b110000111000000 V
#7671333
b1011000000000010 @
b110 E
b11011 G
b100 J
b1010011000110001011001010 M
b110101 P
b110000111000101 V
#7674044
b1010011000110001110011011 2
b1 6
b110101111101111 ;
#7682488
b0 @
b100000000 J
b1010011000110001110011110 M
b10001011 Q
b110000111001100 V
#7684244
b1100 "
b100010 ,
b1010011000110010001111100 2
b1010011000100010110010010 3
b0 6
b110101111110110 ;
#7690933
b1011000000000010 %
b1000 *
b100 /
b1010011000110010010101011 2
b110111 5
b1 6
b110101111111011 ;
#7691422
b1010011000110010010100100 M
b1100 Q
b110000111010011 V
#7696755
b0 %
b100000000 /
b1010011000110010101011011 2
b1010011000100011010111110 3
b0 6
b110101111111111 ;
#7697355
b1000 =
b10001100 Q
b110000111010111 V
#7704355
b1010011000110011000111011 2
b1010011000100011111101010 3
b110110000000100 ;
#7705044
b110001001111100 <
b1010011000110010101011110 M
b1010011000011100010101110 N
b110001001111100 O
b1100000100100000 R
b110000111001001 V
#7712599
b1011000000000010 @
b111 E
b11111 G
b100 J
b1010011000110011001001100 M
b110110 P
b110000111001111 V
#7716555
b1010011000110011100011011 2
b1 6
b110110000001101 ;
#7721555
b0 @
b100000000 J
b1010011000110011100011110 M
b110000111010101 V
#7723333
b110001100001111 !
b100111 ,
b1010011000110011111111011 2
b1010011000100100100010110 3
b110001100001111 4
b0 6
b110110000010010 ;
#7728066
b1011000000000010 %
b1001 *
b100 /
b1010011000110100000101101 2
b111000 5
b110110000010101 ;
#7734133
b111 =
b1010011000110011111111110 M
b1101 Q
b110000111011110 V
#7734400
b0 %
b100000000 /
b1010011000110100011011011 2
b110110000011010 ;
#7742199
b1000 =
b1010011000110100011011110 M
b1010011000011100111011010 N
b1100000000100000 R
b110000111010000 V
#7744377
b1010011000110100110111100 2
b1010011000100101101101110 3
b110110000100001 ;
#7752822
b1010011000110101010011011 2
b1 6
b110110000100111 ;
#7754199
b110001010011001 <
b1001 =
b1011000000000010 @
b1000 E
b100010 G
b100 J
b1010011000110100111100100 M
b1010011000011110000110010 N
b110001010011001 O
b110111 P
b110000111100101 V
#7762422
b0 @
b100000000 J
b1010011000110101010011110 M
b1010011000011110101011110 N
b1100 Q
b110000111101101 V
#7763622
b110001100101100 !
b101011 ,
b1010011000110101101111011 2
b1010011000100110010011010 3
b110001100101100 4
b0 6
b110110000101110 ;
#7769800
b1011000000000010 %
b1010 *
b100 /
b1010011000110101110110000 2
b111001 5
b1 6
b110110000110010 ;
#7774533
b1000 =
b1010011000110101101111110 M
b1010011000011111010001010 N
b110000111111000 V
#7775688
b110001101001001 !
b1101 "
b0 %
b100000000 /
b1010011000110110001011011 2
b1010011000100110111000110 3
b110001101001001 4
b0 6
b110110000110111 ;
#7782333
b1010011000110110001011110 M
b1010011000011111110110110 N
b110001000000001 V
#7783800
b1100 "
b1010011000110110100111011 2
b1010011000100111011110010 3
b110110000111100 ;
#7787133
b1110 "
b110110000111111 ;
#7792799
b110001010110111 <
b1001 =
b1011000000000010 @
b1001 E
b100111 G
b100 J
b1010011000110110101100100 M
b1010011000100000011100010 N
b110001010110111 O
b111000 P
b10001011 Q
b110001000001010 V
#7793466
b1010011000110111000011011 2
b1 6
b110110001000011 ;
#7800866
b0 @
b100000000 J
b1010011000110111000011110 M
b10001100 Q
b110001000010000 V
#7803866
b1101 "
b101110 ,
b1010011000110111011111011 2
b1010011000101000000011110 3
b0 6
b110110001001010 ;
#7810311
b1011000000000010 %
b1011 *
b100 /
b1010011000110111100110011 2
b111010 5
b1 6
b110110001001111 ;
#7813533
b1000 =
b1010011000110111011111110 M
b1101 Q
b110001000011001 V
#7815644
b0 %
b100000000 /
b1010011000110111111011100 2
b1010011000101000101001010 3
b0 6
b110110001010011 ;
#7821111
b110001011010100 <
b1001 =
b1010011000110111111011110 M
b1010011000100001000001110 N
b110001011010100 O
b10001100 Q
b110001000010010 V
#7824088
b1010011000111000010111111 2
b1010011000101001001110110 3
b110110001011001 ;
#7829200
b1010011000111000010111110 M
b110001000011000 V
#7832511
b1010011000111000110011011 2
b110110001011111 ;
#7835200
b1000 =
b1011000000000010 @
b1010 E
b101011 G
b1010100100100000000001000101 I
b100 J
b1010011000111000011010100 M
b111001 P
b1100 Q
b110001000011100 V
#7843088
b1100 "
b11 ,
b1010100100100000000001000101 -
b1010011000111001001111011 2
b110110001100110 ;
#7843288
b110001011110001 <
b1001 =
b0 @
b100000000 J
b1010011000111000110011110 M
b1010011000100010001100110 N
b110001011110001 O
b110001000100110 V
#7846977
b1011000000000010 %
b0 *
b100 /
b1010011000111001010110101 2
b111011 5
b1 6
b110110001101001 ;
#7854377
b1011000000000010 @
b1011 E
b101110 G
b100 J
b1010011000111001010100100 M
b1010011000100010110010010 N
b111010 P
b110001000110000 V
#7854599
b0 %
b100000000 /
b1010011000111001101011011 2
b1010011000101010011001110 3
b0 6
b110110001101110 ;
#7862222
b0 @
b100000000 J
b1010011000111001101011110 M
b1010011000100011010111110 N
b1011 Q
b110001000111000 V
#7864288
b1011 "
b111 ,
b1010011000111010001000100 2
b1010011000101010111111010 3
b110110001110101 ;
#7869444
b1011000000000010 %
b1 *
b100 /
b1010011000111010001110110 2
b111100 5
b110110001111001 ;
#7870844
b1000 =
b1010011000111010000111110 M
b1010011000100011111101010 N
b110001001000001 V
#7873666
b0 %
b100000000 /
b1010011000111010100011011 2
b110110001111011 ;
#7882177
b110001100001111 <
b1001 =
b1010011000111010100011110 M
b1010011000100100100010110 N
b110001100001111 O
b110001001001011 V
#7883933
b1010011000111010111111011 2
b1010011000101011100100110 3
b110110010000011 ;
#7895444
b1011000000000010 @
b0 E
b11 G
b1010100100100000000001000101 H
b100 J
b1010011000111011000100100 M
b1010011000100101101101110 N
b111011 P
b110001001100000 V
#7895488
b1010011000111011011011011 2
b1010011000101100001010010 3
b110110010001011 ;
#7902155
b110001100101100 <
b1010 =
b0 @
b100000000 J
b1010011000111011011011110 M
b1010011000100110010011010 N
b110001100101100 O
b1010 Q
b110001001100111 V
#7903844
b1010 "
b1001 ,
b1010011000111011111001000 2
b1010011000101100101111110 3
b110110010010001 ;
#7908622
b1011000000001110 %
b1000001010010101000010010 )
b10 *
b111 /
b1010011000111011111111001 2
b111101 5
b110110010010100 ;
#7912777
b110001101001001 <
b1010011000111011110111110 M
b1010011000100110111000110 N
b110001101001001 O
b1001 Q
b110001001110001 V
#7912844
b0 %
b100000000 /
b1010011000111100010011011 2
b110110010010111 ;
#7922111
b1010011000111100010011110 M
b1010011000100111011110010 N
b110001001111010 V
#7923088
b1010011000111100101111011 2
b110110010011110 ;
#7934088
b110001101100111 !
b1010110001100000000001000101 .
b1010011000111101001011011 2
b1010011000101101111010110 3
b110001101100111 4
b110110010100110 ;
#7935133
b1011000000000010 @
b1 E
b111 G
b100 J
b1010011000111100110100100 M
b1010011000101000000011110 N
b111100 P
b110001010000101 V
#7942088
b0 @
b100000000 J
b1010011000111101001011110 M
b1010011000101000101001010 N
b1000 Q
b110001010001101 V
#7944022
b110001110000100 !
b1111 ,
b1010011000111101101001011 2
b1010011000101110100000010 3
b110001110000100 4
b110110010101101 ;
#7948933
b1011000000000010 %
b11 *
b100 /
b1010011000111101101111100 2
b111110 5
b110110010110000 ;
#7951355
b1010011000111101100111110 M
b1010011000101001001110110 N
b110001010010101 V
#7953155
b0 %
b100000000 /
b1010011000111110000011011 2
b110110010110011 ;
#7961066
b1001 =
b1010011000111110000011110 M
b1010011000101010011001110 N
b110001010101000 V
#7963555
b110001110100001 !
b1011 "
b1010011000111110011111011 2
b1010011000101111000101110 3
b110001110100001 4
b110110010111011 ;
#7973599
b1011000000001110 @
b1000001010010101000010010 D
b10 E
b1001 G
b111 J
b1010011000111110100100100 M
b1010011000101010111111010 N
b111101 P
b110001010110011 V
#7975377
b1010011000111110111011011 2
b1010011000101111101011010 3
b110110011000011 ;
#7978822
b1010 "
b110110011000101 ;
#7981777
b0 @
b100000000 J
b1010011000111110111011110 M
b1010011000101011100100110 N
b111 Q
b110001010111100 V
#7984177
b10011 ,
b1010011000111111011001111 2
b1010011000110000010000110 3
b110110011001001 ;
#7989444
b1011000000000010 %
b100 *
b100 /
b1010011000111111011111110 2
b111111 5
b110110011001101 ;
#7992311
b1000 =
b1010011000111111010111110 M
b1010011000101100001010010 N
b110001011000101 V
#7993688
b0 %
b100000000 /
b1010011000111111110011011 2
b110110011010000 ;
#8001977
b1010011000111111110011110 M
b1010011000101100101111110 N
b10000111 Q
b110001011001110 V
#8003755
b1010011001000000001111011 2
b1010011000110000110110010 3
b110110011010111 ;
#8011088
b1011000000000010 @
b11 E
b1111 G
b100 J
b1010011001000000010100101 M
b111110 P
b110001011010100 V
#8013377
b110001110111111 !
b1011 "
b1010011001000000101011011 2
b1010011000110001011011110 3
b110001110111111 4
b110110011011110 ;
#8019511
b0 @
b100000000 J
b1010011001000000101011110 M
b110001011011010 V
#8022088
b1010011001000001000111101 2
b110110011100100 ;
#8024844
b1010 "
b101 *
b10110 ,
b100 /
b1010011001000001010000001 2
b110110011100110 ;
#8029244
b1010011001000001000111110 M
b10001000 Q
b110001011100001 V
#8029466
b1011000000000010 %
b1000000 5
b110110011101001 ;
#8033688
b0 %
b100000000 /
b1010011001000001100011011 2
b110110011101100 ;
#8033911
b111 =
b110001011100101 V
#8041777
b110001101100111 <
b1000 =
b1010011001000001100011111 M
b1010011000101101111010110 N
b110001101100111 O
b110001011100001 V
#8042399
b110001111011100 !
b1011 "
b1010011001000001111111011 2
b1010011000110010100110110 3
b110001111011100 4
b110110011110010 ;
#8048133
b1010011001000001111111110 M
b1000 Q
b110001011100110 V
#8052422
b1010011001000010011011011 2
b1010011000110011001100010 3
b110110011111001 ;
#8056777
b111 =
b1011000000000010 @
b100 E
b10011 G
b100 J
b1010011001000010001001000 M
b111111 P
b1001 Q
b110001011101100 V
#8062933
b110001111111001 !
b11011 ,
b1010011001000010111011000 2
b1010011000110011110001110 3
b110001111111001 4
b110110100000001 ;
#8062999
b110001110000100 <
b1000 =
b0 @
b100000000 J
b1010011001000010011011110 M
b1010011000101110100000010 N
b110001110000100 O
b1000 Q
#8067466
b1011000000000010 %
b110 *
b100 /
b1010011001000011000000100 2
b1000001 5
b110110100000100 ;
#8071688
b0 %
b100000000 /
b1010011001000011010011011 2
b110110100000111 ;
#8071933
b110001110100001 <
b1001 =
b1011000000000010 @
b101 E
b10110 G
b100 J
b1010011001000010111100100 M
b1010011000101111000101110 N
b110001110100001 O
b1000000 P
b111 Q
b110001011110100 V
#8080022
b1010 "
b110110100001101 ;
#8081866
b0 @
b100000000 J
b1010011001000011010100011 M
b1010011000101111101011010 N
b110001011111101 V
#8083244
b11111 ,
b1010011001000011101111011 2
b110110100001111 ;
#8089111
b1011000000000010 %
b111 *
b100 /
b1010011001000011111000101 2
b1000010 5
b1 6
b110110100010011 ;
#8092955
b1000 =
b1010011001000011101111110 M
b1010011000110000010000110 N
b110001100001000 V
#8095199
b0 %
b100000000 /
b1010011001000100001011011 2
b1010011000110100111100110 3
b0 6
b110110100010111 ;
#8100533
b1010011001000100001011110 M
b1010011000110000110110010 N
b110 Q
b110001100001111 V
#8102822
b1010011001000100100111011 2
b1 6
b110110100011101 ;
#8112777
b110001110111111 <
b1001 =
b1011000000000010 @
b110 E
b11011 G
b100 J
b1010011001000100101100110 M
b1010011000110001011011110 N
b110001110111111 O
b1000001 P
b10000110 Q
b110001100011010 V
#8113999
b1010011001000101000011011 2
b1010011000110101100010010 3
b110110100100100 ;
#8120822
b0 @
b100000000 J
b1010011001000101000100111 M
b10000111 Q
b110001100100000 V
#8122822
b1001 "
b100010 ,
b1010011001000101011111011 2
b1010011000110110000111110 3
b0 6
b110110100101011 ;
#8126866
b1011000000000010 %
b1000 *
b100 /
b1010011001000101101000111 2
b1000011 5
b110110100101110 ;
#8128488
b1010011001000101011111110 M
b111 Q
b110001100100101 V
#8134222
b110010000010111 !
b1010 "
b0 %
b100000000 /
b1010011001000101111011100 2
b1010011000110110101101010 3
b110010000010111 4
b110110100110011 ;
#8135911
b1000 =
b10001000 Q
b110001100101010 V
#8141822
b110001111011100 <
b1001 =
b1010011001000101111011110 M
b1010011000110010100110110 N
b110001111011100 O
b10000111 Q
b110001100101100 V
#8143355
b1010011001000110010111011 2
b1 6
b110110100111001 ;
#8151244
b1011000000000010 @
b111 E
b11111 G
b100 J
b1010011001000110011101001 M
b1000010 P
b10001000 Q
b110001100110011 V
#8152977
b110010000110100 !
b1011 "
b1010011001000110110011011 2
b1010011000110111010010110 3
b110010000110100 4
b0 6
b110110101000000 ;
#8159266
b0 @
b100000000 J
b1010011001000110110101011 M
b10001001 Q
b110001100111001 V
#8163244
b110010001010001 !
b100111 ,
b1010011001000111001111011 2
b1010011000110111111000010 3
b110010001010001 4
b110110101000111 ;
#8169044
b1011000000000010 %
b1001 *
b100 /
b1010011001000111011001010 2
b1000100 5
b1 6
b110110101001011 ;
#8169777
b1010011001000111001111110 M
b1001 Q
b110001101000000 V
#8174711
b1000 =
b110001101000100 V
#8175066
b0 %
b100000000 /
b1010011001000111101011011 2
b1010011000111000011101110 3
b0 6
b110110101001111 ;
#8181711
b1010011001000111101011110 M
b1010011000110011001100010 N
b1000 Q
b110001100110110 V
#8181777
b1010011001001000000111011 2
b110110101010100 ;
#8190755
b1010011001001000100011011 2
b110110101011010 ;
#8191844
b110001111111001 <
b1001 =
b1011000000000010 @
b1000 E
b100010 G
b100 J
b1010011001001000001101011 M
b1010011000110011110001110 N
b110001111111001 O
b1000011 P
b110001101000000 V
#8201666
b0 @
b100000000 J
b1010011001001000100101111 M
b1010011000110100111100110 N
b110001101010001 V
#8201822
b1010011001001000111111011 2
b1010011000111001101000110 3
b110110101100010 ;
#8205599
b1010 "
b1011000000000010 %
b1010 *
b101011 ,
b100 /
b1010011001001001001001101 2
b1000101 5
b110110101100101 ;
#8213133
b1000 =
b1010011001001000111111110 M
b1010011000110101100010010 N
b110001101011101 V
#8213466
b0 %
b100000000 /
b1010011001001001011011100 2
b1010011000111010001110010 3
b110110101101010 ;
#8220711
b1010011001001001011011110 M
b1010011000110110000111110 N
b10000111 Q
b110001101100100 V
#8222911
b1010011001001001110111011 2
b1 6
b110110101110001 ;
#8231533
b110010001101111 !
b1011 "
b1010011001001010010011011 2
b1010011000111010110011110 3
b110010001101111 4
b0 6
b110110101110111 ;
#8231555
b1011000000000010 @
b1001 E
b100111 G
b100 J
b1010011001001001111101110 M
b1000100 P
b10001000 Q
b110001101101011 V
#8239599
b0 @
b100000000 J
b1010011001001010010110011 M
b10001001 Q
b110001101110001 V
#8242711
b1010 "
b101110 ,
b1010011001001010101111011 2
b1010011000111011011001010 3
b110110101111111 ;
#8246866
b1011000000000010 %
b1011 *
b100 /
b1010011001001010111001111 2
b1000110 5
b110110110000010 ;
#8247266
b1010011001001010101111110 M
b110001101110111 V
#8252444
b111 =
b1001 Q
b110001101111010 V
#8254799
b110010010001100 !
b1011 "
b0 %
b100000000 /
b1010011001001011001011011 2
b1010011000111011111110110 3
b110010010001100 4
b110110110000111 ;
#8260022
b110010000010111 <
b1000 =
b1010011001001011001011110 M
b1010011000110110101101010 N
b110010000010111 O
b10001000 Q
b110001101101101 V
#8260577
b1010011001001011100111011 2
b110110110001100 ;
#8263422
b1010 "
b11 ,
b1010110001100000000001000101 -
b110110110001110 ;
#8268199
b1011000000000010 %
b0 *
b100 /
b1010011001001011110010001 2
b1000111 5
b110110110010001 ;
#8270733
b1011000000000010 @
b1010 E
b101011 G
b100 J
b1010011001001011101110000 M
b1000101 P
b1001 Q
b110001101110101 V
#8272422
b0 %
b100000000 /
b1010011001001100000011011 2
b110110110010100 ;
#8279511
b110010000110100 <
b0 @
b1010110001100000000001000101 I
b100000000 J
b1010011001001100000110111 M
b1010011000110111010010110 N
b110010000110100 O
#8282933
b110010010101001 !
b1011 "
b1010011001001100011111011 2
b1010011000111101001001110 3
b110010010101001 4
b110110110011011 ;
#8291422
b1100 "
b1010011001001100111011011 2
b1010011000111101101111010 3
b110110110100001 ;
#8292755
b110010001010001 <
b1001 =
b1011000000000010 @
b1011 E
b101110 G
b100 J
b1010011001001100100110010 M
b1010011000110111111000010 N
b110010001010001 O
b1000110 P
b110001110000011 V
#8300355
b0 @
b100000000 J
b1010011001001100111011110 M
b1010011000111000011101110 N
b1000 Q
b110001110001010 V
#8303066
b1011 "
b111 ,
b1010011001001101010111011 2
b1 6
b110110110101001 ;
#8307599
b1011000000000010 %
b1 *
b100 /
b1010011001001101100010011 2
b1001000 5
b110110110101101 ;
#8311444
b1000 =
b1010011001001101010111110 M
b1010011000111001101000110 N
b110001110011110 V
#8313377
b0 %
b100000000 /
b1010011001001101110011011 2
b1010011000111110010100110 3
b0 6
b110110110110001 ;
#8321488
b1010011001001101110111011 M
b1010011000111010001110010 N
b110001110100110 V
#8322311
b1010011001001110001111011 2
b1010011000111110111010010 3
b110110110110111 ;
#8333022
b1010011001001110101011011 2
b1010011000111111011111110 3
b110110110111110 ;
#8333799
b110010001101111 <
b1001 =
b1011000000000010 @
b0 E
b11 G
b1010110001100000000001000101 H
b100 J
b1010011001001110010110100 M
b1010011000111010110011110 N
b110010001101111 O
b1000111 P
b110001110110001 V
#8341444
b0 @
b100000000 J
b1010011001001110101011110 M
b1010011000111011011001010 N
b111 Q
b110001110111010 V
#8342577
b1010 "
b1001 ,
b1010011001001111000111011 2
b1 6
b110110111000101 ;
#8346733
b1011000000001110 %
b1000001010010101100000110 )
b10 *
b111 /
b1010011001001111010010110 2
b1001001 5
b110110111001000 ;
#8347999
b110010010001100 <
b1010 =
b1010011001001111000111110 M
b1010011000111011111110110 N
b110010010001100 O
b110 Q
b110001111000000 V
#8352466
b0 %
b100000000 /
b1010011001001111100011011 2
b1010011001000000000101010 3
b0 6
b110110111001100 ;
#8352977
b1001 =
b110001111000100 V
#8361177
b1010011001001111111111011 2
b110110111010010 ;
#8361422
b110010010101001 <
b1010 =
b1010011001001111100111111 M
b1010011000111101001001110 N
b110010010101001 O
b110001111010101 V
#8372377
b1011000000000010 @
b1 E
b111 G
b100 J
b1010011001010000000110111 M
b1010011000111101101111010 N
b1001000 P
b110001111011111 V
#8373222
b1010011001010000011011011 2
b1010011001000001010000010 3
b110110111011011 ;
#8379911
b0 @
b100000000 J
b1010011001010000011100000 M
b1010011000111110010100110 N
b101 Q
b110001111101000 V
#8382733
b1001 "
b1111 ,
b1010011001010000110111011 2
b1 6
b110110111100001 ;
#8387111
b1011000000000010 %
b11 *
b100 /
b1010011001010001000011000 2
b1001010 5
b110110111100101 ;
#8390666
b1010011001010000111000000 M
b1010011000111110111010010 N
b110001111110001 V
#8392866
b0 %
b100000000 /
b1010011001010001010011011 2
b1010011001000001110101110 3
b0 6
b110110111101001 ;
#8399555
b1001 =
b1010011001010001011000011 M
b1010011000111111011111110 N
b110001111111001 V
#8401977
b1010011001010001101111011 2
b1010011001000010011011010 3
b110110111101111 ;
#8411999
b1010011001010010001011011 2
b1010011001000011000000110 3
b110110111110110 ;
#8412688
b1011000000001110 @
b1000001010010101100000110 D
b10 E
b1001 G
b111 J
b1010011001010001110111010 M
b1010011001000000000101010 N
b1001001 P
b110010000000110 V
#8420222
b0 @
b100000000 J
b1010011001010010001011110 M
b1010011001000001010000010 N
b100 Q
b110010000010111 V
#8420777
b1010011001010010100111011 2
b1 6
b110110111111100 ;
#8426155
b1000 "
b1011000000000010 %
b100 *
b10011 ,
b100 /
b1010011001010010110011011 2
b1001011 5
b110111000000000 ;
#8429644
b1000 =
b1010011001010010100111110 M
b1010011001000001110101110 N
b11 Q
b110010000100000 V
#8431911
b110010011000110 !
b0 %
b1010110100100000000001000101 .
b100000000 /
b1010011001010011000011011 2
b1010011001000011100110010 3
b110010011000110 4
b0 6
b110111000000100 ;
#8440599
b1010011001010011011111011 2
b110111000001010 ;
#8441288
b1010011001010011001000111 M
b1010011001000010011011010 N
b110010000101000 V
#8450999
b11 E
b1111 G
b1010011001010011011111110 M
b1010011001000011000000110 N
b10000011 Q
b110010000110100 V
#8452844
b110010011100100 !
b1001 "
b1010011001010011111011100 2
b1010011001000100110001010 3
b110010011100100 4
b110111000010011 ;
#8457644
b1011000000000010 @
b1010011001010011111011110 M
b1001010 P
b110010000111000 V
#8462377
b1000 "
b10110 ,
b1010011001010100010111011 2
b1 6
b110111000011001 ;
#8466533
b1011000000000010 %
b101 *
b100 /
b1010011001010100100011110 2
b1001100 5
b110111000011100 ;
#8467599
b0 @
b1010011001010100010111110 M
b10000100 Q
b110010000111111 V
#8472222
b111 =
b100 Q
b110010001000011 V
#8472288
b110010100000001 !
b1001 "
b0 %
b100000000 /
b1010011001010100110011100 2
b1010011001000101010110110 3
b110010100000001 4
b0 6
b110111000100000 ;
#8481222
b110010011000110 <
b1000 =
b1010011001010100110011110 M
b1010011001000011100110010 N
b110010011000110 O
b10000100 Q
b110010000111101 V
#8481599
b1010011001010101001111011 2
b1010011001000101111100010 3
b110111000100111 ;
#8484266
b111 "
b110 *
b11011 ,
b100 /
b1010011001010101011011111 2
b110111000101001 ;
#8486733
b1010011001010101001111110 M
b100 Q
b110010001000001 V
#8492333
b1000 "
b1011000000000010 %
b100000000 /
b1010011001010101101011100 2
b1010011001000110100001110 3
b1001101 5
b110111000101110 ;
#8495111
b111 =
b1011000000000010 @
b100 E
b10011 G
b100 J
b1010011001010101010111111 M
b1001011 P
b110010001000111 V
#8500777
b0 %
b1010011001010110000111011 2
b1 6
b110111000110101 ;
#8501177
b110010011100100 <
b1000 =
b0 @
b100000000 J
b1010011001010101101011110 M
b1010011001000100110001010 N
b110010011100100 O
b110010001010000 V
#8511088
b1010011001010110100011011 2
b1010011001000111000111010 3
b0 6
b110111000111100 ;
#8512044
b110010100000001 <
b1001 =
b1011000000000010 @
b101 E
b10110 G
b100 J
b1010011001010110010000000 M
b1010011001000101010110110 N
b110010100000001 O
b1001100 P
b110010001011010 V
#8521155
b0 @
b100000000 J
b1010011001010110100011110 M
b1010011001000101111100010 N
b110010001100011 V
#8522088
b110010100011110 !
b11111 ,
b1010011001010110111111011 2
b1010011001000111101100110 3
b110010100011110 4
b110111001000011 ;
#8525999
b1011000000000010 %
b111 *
b100 /
b1010011001010111001100010 2
b1001110 5
b110111001000110 ;
#8528288
b1010011001010110111111110 M
b1010011001000110100001110 N
b11 Q
b110010001101010 V
#8533355
b110010100111100 !
b1001 "
b0 %
b100000000 /
b1010011001010111011011011 2
b1010011001001000010010010 3
b110010100111100 4
b110111001001011 ;
#8533444
b1000 =
b110010001101110 V
#8539622
b1010011001010111110111011 2
b110111001010000 ;
#8541133
b1010011001010111011011110 M
b1010011001000111000111010 N
b10000010 Q
b110010001110101 V
#8550511
b110010100011110 <
b1001 =
b1011000000000010 @
b110 E
b11011 G
b100 J
b1010011001011000000000011 M
b1010011001000111101100110 N
b110010100011110 O
b1001101 P
b110010001111111 V
#8551222
b1010011001011000010011011 2
b110111001011000 ;
#8558022
b0 @
b100000000 J
b1010011001011000010011110 M
b10000011 Q
b110010010000100 V
#8562155
b1000 "
b100010 ,
b1010011001011000101111100 2
b1010011001001001011101010 3
b110111001100000 ;
#8565733
b1010011001011000101111110 M
b110010010001001 V
#8566266
b1011000000000010 %
b1000 *
b100 /
b1010011001011000111100100 2
b1001111 5
b110111001100010 ;
#8573222
b1000 =
b10000100 Q
b110010010001111 V
#8574177
b110010101011001 !
b1001 "
b0 %
b100000000 /
b1010011001011001001011111 2
b1010011001001010000010110 3
b110010101011001 4
b110111001101000 ;
#8579955
b1010011001011001100111011 2
b110111001101100 ;
#8581066
b110010100111100 <
b1001 =
b1010011001011001001011110 M
b1010011001001000010010010 N
b110010100111100 O
b10000011 Q
b110010010001000 V
#8587844
b1010011001011001100111110 M
b10000100 Q
b110010010001101 V
#8592422
b1010011001011010000011011 2
b1010011001001010101000010 3
b110111001110101 ;
#8593799
b1011000000000010 @
b111 E
b11111 G
b100 J
b1010011001011001110000101 M
b1001110 P
b110010010010001 V
#8601044
b0 @
b100000000 J
b1010011001011010000011110 M
b10000101 Q
b110010010010110 V
#8601711
b1010011001011010011111011 2
b1010011001001011001101110 3
b110111001111011 ;
#8605288
b1000 "
b1011000000000010 %
b1001 *
b100111 ,
b100 /
b1010011001011010101100111 2
b1010000 5
b110111001111110 ;
#8606822
b1010011001011010011111110 M
b110010010011010 V
#8612777
b110010101110110 !
b1001 "
b0 %
b100000000 /
b1010011001011010111100100 2
b1010011001001011110011010 3
b110010101110110 4
b110111010000011 ;
#8613999
b1000 =
b110 Q
b110010010011111 V
#8618999
b1010011001011011010111011 2
b110111010001000 ;
#8620999
b1010011001011010111011110 M
b1010011001001001011101010 N
b101 Q
b110010010011011 V
#8631044
b110010101011001 <
b1001 =
b1011000000000010 @
b1000 E
b100010 G
b100 J
b1010011001011011100001000 M
b1010011001001010000010110 N
b110010101011001 O
b1001111 P
b110010010100100 V
#8631222
b1010011001011011110011011 2
b1010011001001100011000110 3
b110111010010000 ;
#8638977
b0 @
b100000000 J
b1010011001011011110011110 M
b1010011001001010101000010 N
b100 Q
b110010010101101 V
#8640622
b110010110010100 !
b1010 "
b1010011001011100001111011 2
b1010011001001100111110010 3
b110010110010100 4
b110111010010111 ;
#8642933
b1001 "
b101011 ,
b110111010011000 ;
#8648111
b1011000000000010 %
b1010 *
b100 /
b1010011001011100011101001 2
b1010001 5
b110111010011100 ;
#8648288
b1000 =
b1010011001011100001111110 M
b1010011001001011001101110 N
b110010010110101 V
#8652266
b0 %
b100000000 /
b1010011001011100101011011 2
b110111010011111 ;
#8657844
b110010101110110 <
b1001 =
b1010011001011100101011110 M
b1010011001001011110011010 N
b110010101110110 O
b10000011 Q
b110010010111110 V
#8660733
b1010011001011101000111011 2
b1 6
b110111010100101 ;
#8667533
b1010011001011101000111110 M
b10000100 Q
b110010011000101 V
#8671088
b110010110110001 !
b1010 "
b1010011001011101100011011 2
b1010011001001110001001010 3
b110010110110001 4
b0 6
b110111010101100 ;
#8673488
b1011000000000010 @
b1001 E
b100111 G
b100 J
b1010011001011101010001010 M
b1010000 P
b110010011001001 V
#8680377
b1010011001011101111111011 2
b1010011001001110101110110 3
b110111010110011 ;
#8680911
b0 @
b100000000 J
b1010011001011101100011110 M
b10000101 Q
b110010011001110 V
#8682844
b1001 "
b101110 ,
b110111010110100 ;
#8686533
b1010011001011101111111110 M
b110010011010010 V
#8690288
b1011000000000010 %
b1011 *
b1010011001011110011101011 2
b1010011001001111010100010 3
b1010010 5
b110111010111010 ;
#8693622
b1000 =
b110010011010111 V
#8699511
b0 %
b1010011001011110110111011 2
b110111011000000 ;
#8700888
b1010011001011110011011110 M
b1010011001001100011000110 N
b110010011001010 V
#8703911
b1000 "
b0 *
b11 ,
b1010110100100000000001000101 -
b100 /
b1010011001011111000101101 2
b1 6
b110111011000011 ;
#8708888
b1010 E
b101011 G
b100 J
b1010011001011111000001101 M
b110 Q
b110010011010000 V
#8710444
b1011000000000010 %
b100000000 /
b1010011001011111010011011 2
b1010011001001111111001110 3
b1010011 5
b0 6
b110111011001000 ;
#8714244
b111 =
b1011000000000010 @
b1010110100100000000001000101 I
b1010001 P
b101 Q
b110010011010100 V
#8719377
b110010111001110 !
b1001 "
b0 %
b1010011001011111101111011 2
b1010011001010000011111010 3
b110010111001110 4
b110111011001110 ;
#8720844
b110010110010100 <
b1000 =
b0 @
b100000000 J
b1010011001011111010011110 M
b1010011001001100111110010 N
b110010110010100 O
#8729333
b1010011001100000001011011 2
b110111011010101 ;
#8731933
b110010110110001 <
b1001 =
b1011000000000010 @
b1011 E
b101110 G
b100 J
b1010011001011111111001110 M
b1010011001001110001001010 N
b110010110110001 O
b1010010 P
b110010011100111 V
#8739444
b0 @
b100000000 J
b1010011001100000001011110 M
b1010011001001110101110110 N
b100 Q
b110010011101111 V
#8739844
b1010011001100000100111011 2
b110111011011101 ;
#8745022
b1000 "
b1011000000000010 %
b1 *
b111 ,
b100 /
b1010011001100000110110000 2
b1010100 5
b1 6
b110111011100000 ;
#8747044
b1010011001100000100111110 M
b1010011001001111010100010 N
b110010011110111 V
#8751044
b110010111101100 !
b1001 "
b0 %
b100000000 /
b1010011001100001000011011 2
b1010011001010001101010010 3
b110010111101100 4
b0 6
b110111011100100 ;
#8752777
b1000 =
b110010011111011 V
#8760444
b1010011001100001011111011 2
b1010011001010010001111110 3
b110111011101011 ;
#8760688
b1010011001100001000011110 M
b1010011001001111111001110 N
b110010100000011 V
#8764666
b1000 "
b110111011101110 ;
#8771955
b110010111001110 <
b1001 =
b1011000000000010 @
b0 E
b11 G
b1010110100100000000001000101 H
b100 J
b1010011001100001101010001 M
b1010011001010000011111010 N
b110010111001110 O
b1010011 P
b110010100001100 V
#8772222
b110011000001001 !
b1010 "
b1010011001100001111110011 2
b1010011001010010110101010 3
b110011000001001 4
b110111011110011 ;
#8778555
b1010011001100010010111011 2
b110111011111000 ;
#8779466
b110010111101100 <
b1010 =
b0 @
b100000000 J
b1010011001100001111011110 M
b1010011001010001101010010 N
b110010111101100 O
b11 Q
b110010100011110 V
#8782733
b1001 "
b1001 ,
b1 6
b110111011111011 ;
#8786977
b1010011001100010010111110 M
b1010011001010010001111110 N
b110010100100101 V
#8787577
b1010 "
b1011000000001110 %
b1000001010010101100010010 )
b10 *
b111 /
b1010011001100010100110011 2
b1010101 5
b0 6
b110111011111110 ;
#8792711
b1001 =
b110010100101001 V
#8793911
b0 %
b100000000 /
b1010011001100010110011011 2
b1010011001010011011010110 3
b1 6
b110111100000011 ;
#8799288
b1010011001100011001111011 2
b1010011001010100000000010 3
b0 6
b110111100000110 ;
#8800600
b110011000001001 <
b1010 =
b1010011001100010110011110 M
b1010011001010010110101010 N
b110011000001001 O
b110010100110010 V
#8811977
b1011000000000010 @
b1 E
b111 G
b100 J
b1010011001100011011010011 M
b1010011001010011011010110 N
b1010100 P
b110010100111100 V
#8812533
b1010011001100011101110111 2
b1010011001010100100101110 3
b110111100010000 ;
#8818933
b1010011001100100000111011 2
b110111100010100 ;
#8819577
b0 @
b100000000 J
b1010011001100011101011110 M
b1010011001010100000000010 N
b10 Q
b110010101000100 V
#8822933
b1001 "
b11 *
b1111 ,
b1 6
b110111100010111 ;
#8828844
b1010011001100100000111110 M
b1010011001010100100101110 N
b1 Q
b110010101001100 V
#8830022
b1011000000000010 %
b1010011001100100100011011 2
b1010011001010101001011010 3
b1010110 5
b0 6
b110111100011100 ;
#8833822
b1001 =
b110010101010000 V
#8838777
b0 %
b1010011001100100111111011 2
b110111100100010 ;
#8841822
b1010011001100100100011110 M
b1010011001010101001011010 N
b110010101011000 V
#8849155
b1010011001100101011011011 2
b1 6
b110111100101001 ;
#8853244
b1011000000001110 @
b1000001010010101100010010 D
b10 E
b1001 G
b111 J
b1010011001100101001010110 M
b1010011001010110010110010 N
b1010101 P
b0 Q
b110010101101100 V
#8859577
b1010011001100101110111011 2
b1010011001010110010110010 3
b0 6
b110111100110001 ;
#8860622
b0 @
b100000000 J
b1010011001100101011011110 M
b1010011001010110111011110 N
b110010101110011 V
#8864711
b1000 "
b1011000000000010 %
b100 *
b10011 ,
b100 /
b1010011001100110000111000 2
b1010111 5
b1 6
b110111100110100 ;
#8869133
b1000 =
b1010011001100101111000100 M
b1010011001010111100001010 N
b110010101111100 V
#8870711
b0 %
b100000000 /
b1010011001100110010011011 2
b1010011001010110111011110 3
b0 6
b110111100111001 ;
#8874511
b1010011001100110010011110 M
b1 Q
b110010110000000 V
#8880066
b1010011001100110101111011 2
b1010011001010111100001010 3
b110111100111111 ;
#8891066
b1010011001100111001011011 2
b1 6
b110111101000111 ;
#8892222
b1011000000000010 @
b11 E
b1111 G
b100 J
b1010011001100110111011000 M
b1010011001011000000110110 N
b1010110 P
b10000001 Q
b110010110000111 V
#8900311
b0 @
b100000000 J
b1010011001100111001011110 M
b1010011001011000101100010 N
b10000000 Q
b110010110010000 V
#8901688
b111 "
b10110 ,
b1010011001100111100111011 2
b1010011001011000000110110 3
b110111101001110 ;
#8905844
b1010011001100111101001001 M
b10000001 Q
b110010110010100 V
#8905977
b1011000000000010 %
b101 *
b100 /
b1010011001100111110111010 2
b1011000 5
b110111101010001 ;
#8911711
b111 =
b110010110011000 V
#8911755
b0 %
b100000000 /
b1010011001101000000011011 2
b1010011001011000101100010 3
b0 6
b110111101010101 ;
#8920244
b110011000100110 <
b1000 =
b1010011001101000000011110 M
b1010011001011001010001110 N
b110011000100110 O
b10000000 Q
b110010110011001 V
#8920911
b110011000100110 !
b1011000001100000000001000101 .
b1010011001101000011111011 2
b1010011001011001010001110 3
b110011000100110 4
b110111101011100 ;
#8927244
b1010011001101000011111110 M
b1 Q
b110010110011110 V
#8928000
b1010011001101000111011011 2
b110111101100001 ;
#8937955
b110011001000100 <
b1011000000000010 @
b100 E
b10011 G
b1010011001101000111011110 M
b1010011001011010011100110 N
b110011001000100 O
b1010111 P
b0 Q
b110010110101010 V
#8938555
b1010011001101001010111011 2
b110111101101000 ;
#8942622
b110 "
b11011 ,
b1 6
b110111101101011 ;
#8949577
b110011001000100 !
b111 "
b1011000000000010 %
b110 *
b1010011001101001110011011 2
b1010011001011010011100110 3
b110011001000100 4
b1011001 5
b0 6
b110111101110000 ;
#8950022
b110011001100001 <
b1001 =
b101 E
b10110 G
b100 J
b1010011001101001100011100 M
b1010011001011011000010010 N
b110011001100001 O
b1011000 P
b110010110110100 V
#8955511
b0 @
b100000000 J
b1010011001101001110011110 M
b1 Q
b110010110111000 V
#8958400
b110011001100001 !
b1000 "
b0 %
b1010011001101010001111011 2
b1010011001011011000010010 3
b110011001100001 4
b110111101110110 ;
#8967266
b1010011001101010001111110 M
b1010011001011011100111110 N
b0 Q
b110010110111100 V
#8969800
b1010011001101010101011011 2
b1 6
b110111101111110 ;
#8976688
b1000 =
b1010011001101010101011110 M
b1010011001011100001101010 N
b110010111000101 V
#8979844
b1010011001101011000111011 2
b1010011001011011100111110 3
b110111110000101 ;
#8984911
b111 "
b1011000000000010 %
b111 *
b11111 ,
b100 /
b1010011001101011011000000 2
b1011010 5
b110111110001001 ;
#8989155
b1011000000000010 @
b110 E
b11011 G
b100 J
b1010011001101011010011111 M
b1010011001011100110010110 N
b1011001 P
b10000000 Q
b110010111001111 V
#8990911
b0 %
b100000000 /
b1010011001101011100011011 2
b1010011001011100001101010 3
b0 6
b110111110001101 ;
#8994666
b0 @
b100000000 J
b1010011001101011100011110 M
b110010111010011 V
#9000199
b1010011001101011111111011 2
b1010011001011100110010110 3
b110111110010100 ;
#9005333
b1010011001101011111111110 M
b110010111011011 V
#9007177
b1010011001101100011011011 2
b110111110011000 ;
#9012533
b111 =
b0 Q
b110010111100000 V
#9018111
b1010011001101100110111011 2
b110111110100000 ;
#9020377
b110011001111110 <
b1000 =
b1010011001101100011011110 M
b1010011001011101111101110 N
b110011001111110 O
b10000000 Q
b110010111100100 V
#9029466
b110011010011100 <
b1001 =
b1011000000000010 @
b111 E
b11111 G
b100 J
b1010011001101101000100001 M
b1010011001011110100011010 N
b110011010011100 O
b1011010 P
b110010111101100 V
#9030466
b110011001111110 !
b1000 "
b1010011001101101010011011 2
b1010011001011101111101110 3
b110011001111110 4
b110111110101001 ;
#9034955
b0 @
b100000000 J
b1010011001101101010011110 M
b10000001 Q
b110010111101111 V
#9039755
b110011010011100 !
b1001 "
b1010011001101101101111011 2
b1010011001011110100011010 3
b110011010011100 4
b110111110101111 ;
#9042199
b1000 "
b100010 ,
b110111110110001 ;
#9044688
b1010011001101101101111110 M
b110010111110110 V
#9047377
b1011000000000010 %
b1000 *
b1010011001101110001011011 2
b1011011 5
b1 6
b110111110110101 ;
#9051866
b1000 =
b1 Q
b110010111111011 V
#9059199
b110011010111001 !
b1001 "
b0 %
b1010011001101110100111011 2
b1010011001011111001000110 3
b110011010111001 4
b0 6
b110111110111101 ;
#9059422
b110011010111001 <
b1001 =
b1010011001101110001011110 M
b1010011001011111001000110 N
b110011010111001 O
b110010111110111 V
#9064133
b1000 "
b1011000000000010 %
b1001 *
b100111 ,
b100 /
b1010011001101110111000101 2
b1011100 5
b1 6
b110111111000001 ;
#9065466
b1010011001101110100111110 M
b1010011001011111101110010 N
b0 Q
b110010111111101 V
#9070022
b0 %
b100000000 /
b1010011001101111000011011 2
b1010011001011111101110010 3
b0 6
b110111111000101 ;
#9072422
b1011000000000010 @
b1000 E
b100010 G
b100 J
b1010011001101110110100100 M
b1011011 P
b110011000000010 V
#9078733
b1010011001101111011111011 2
b110111111001011 ;
#9080577
b0 @
b100000000 J
b1010011001101111000011110 M
b1 Q
b110011000000111 V
#9086711
b1010011001101111011111110 M
b1010011001100000111001010 N
b0 Q
b110011000010001 V
#9089111
b1010011001101111111011100 2
b1 6
b110111111010010 ;
#9096066
b1000 =
b1010011001101111111011110 M
b1010011001100001011110110 N
b110011000011001 V
#9099711
b1010011001110000010111011 2
b1010011001100000111001010 3
b0 6
b110111111011010 ;
#9104844
b111 "
b1011000000000010 %
b1010 *
b101011 ,
b100 /
b1010011001110000101000111 2
b1011101 5
b110111111011101 ;
#9108155
b110011011010110 <
b1001 =
b1001 E
b100111 G
b1010011001110000100100111 M
b1010011001100010000100010 N
b110011011010110 O
b10000000 Q
b110011000100100 V
#9110800
b0 %
b100000000 /
b1010011001110000110011011 2
b1010011001100001011110110 3
b110111111100001 ;
#9113844
b1011000000000010 @
b1010011001110000110011110 M
b1011100 P
b110011000101000 V
#9119688
b110011011010110 !
b1000 "
b1010011001110001001111011 2
b1010011001100010000100010 3
b110011011010110 4
b110111111101000 ;
#9123822
b0 @
b1010011001110001001111110 M
b10000001 Q
b110011000101111 V
#9126555
b1010011001110001101011100 2
b1 6
b110111111101100 ;
#9136000
b110011011110100 <
b1010011001110001101011110 M
b1010011001100010101001110 N
b110011011110100 O
b110011000101100 V
#9138311
b110011011110100 !
b1001 "
b1010011001110010000111011 2
b1010011001100010101001110 3
b110011011110100 4
b0 6
b110111111110101 ;
#9142311
b1000 "
b101110 ,
b1 6
b110111111110111 ;
#9145755
b1010011001110010001100000 M
b10000010 Q
b110011000110011 V
#9149199
b1011000000000010 %
b1011 *
b1010011001110010100011011 2
b1010011001100011001111010 3
b1011110 5
b0 6
b110111111111100 ;
#9152000
b1000 =
b1011000000000010 @
b1010 E
b101011 G
b1011000001100000000001000101 I
b100 J
b1010011001110010010101001 M
b1011101 P
b1 Q
b110011000111000 V
#9158088
b110011100010001 !
b1001 "
b0 %
b1010011001110010111111011 2
b1010011001100011110100110 3
b110011100010001 4
b111000000000011 ;
#9160155
b0 @
b100000000 J
b1010011001110010100011110 M
b1010011001100011001111010 N
#9166533
b110011100010001 <
b1001 =
b1010011001110010111111110 M
b1010011001100011110100110 N
b110011100010001 O
b0 Q
b110011001000000 V
#9167133
b1010011001110011011011011 2
b111000000001001 ;
#9177022
b1011000000000010 @
b1011 E
b101110 G
b1010011001110011011011110 M
b1010011001100100111111110 N
b1011110 P
b110011001010010 V
#9178066
b1010011001110011110111011 2
b111000000010001 ;
#9188177
b1000 =
b0 @
b1010011001110011111100100 M
b1010011001100101100101010 N
b110011001011100 V
#9188355
b1010011001110100010011011 2
b1010011001100100111111110 3
b111000000011000 ;
#9193400
b1010011001110100010011110 M
b110011001100000 V
#9199577
b1010011001110100101111100 2
b1010011001100101100101010 3
b111000000100000 ;
#9202044
b1000 "
b11 ,
b1011000001100000000001000101 -
b111000000100001 ;
#9205177
b1010011001110100101111110 M
b1010011001100110001010110 N
b110011001100100 V
#9207244
b1011000000000010 %
b0 *
b1010011001110101001011011 2
b1011111 5
b1 6
b111000000100101 ;
#9216044
b110011100101110 <
b1001 =
b1011000000000010 @
b0 E
b11 G
b1011000001100000000001000101 H
b1010011001110101001011110 M
b1010011001100110110000010 N
b110011100101110 O
b1011111 P
b110011001101111 V
#9219088
b0 %
b1010011001110101100111011 2
b1010011001100110001010110 3
b0 6
b111000000101101 ;
#9224155
b111 "
b1011000000000010 %
b1 *
b111 ,
b100 /
b1010011001110101111001111 2
b1100000 5
b1 6
b111000000110001 ;
#9225733
b0 @
b1010011001110101100111110 M
b1 Q
b110011001110110 V
#9230111
b110011100101110 !
b1000 "
b0 %
b100000000 /
b1010011001110110000011011 2
b1010011001100110110000010 3
b110011100101110 4
b0 6
b111000000110101 ;
#9230577
b1000 =
b0 Q
b110011001111001 V
#9238555
b110011101001100 <
b1001 =
b1010011001110110000011110 M
b1010011001100111010101110 N
b110011101001100 O
b110011001111010 V
#9239111
b110011101001100 !
b1001 "
b1010011001110110011111011 2
b1010011001100111010101110 3
b110011101001100 4
b111000000111100 ;
#9242666
b1010011001110110011111110 M
b110011001111100 V
#9246044
b1010011001110110111011011 2
b111000001000000 ;
#9251800
b1011000000000010 @
b1 E
b111 G
b100 J
b1010011001110110101110000 M
b1100000 P
b110011010000011 V
#9257044
b1010011001110111010111011 2
b111000001001000 ;
#9260000
b110011101101001 <
b1010 =
b0 @
b100000000 J
b1010011001110110111011110 M
b1010011001101000100000110 N
b110011101101001 O
b110011010001110 V
#9266311
b1010011001110111010111110 M
b1 Q
b110011010010010 V
#9269333
b110011101101001 !
b1010 "
b1010011001110111110011011 2
b1010011001101000100000110 3
b110011101101001 4
b111000001010001 ;
#9270911
b1001 =
b0 Q
b110011010010101 V
#9278355
b1011 "
b1010011001111000001111111 2
b1010011001101001000110010 3
b111000001010111 ;
#9279955
b1010011001110111110011110 M
b1010011001101001000110010 N
b1 Q
b110011010010111 V
#9281311
b1010 "
b1001 ,
b111000001011001 ;
#9286044
b1011000000001110 %
b1000001010010110000000110 )
b10 *
b1010011001111000101011011 2
b1100001 5
b111000001011101 ;
#9287088
b1010011001111000001111110 M
b1010011001101001101011110 N
b110011010011110 V
#9297644
b1011000000001110 @
b1000001010010110000000110 D
b10 E
b1001 G
b1010011001111000101011110 M
b1010011001101010010001010 N
b1100001 P
b0 Q
b110011010101000 V
#9297888
b0 %
b1010011001111001000111011 2
b1010011001101001101011110 3
b111000001100101 ;
#9307244
b1000 =
b0 @
b1010011001111001000111110 M
b1 Q
b110011010101111 V
#9308244
b1010011001111001100011011 2
b1010011001101010010001010 3
b111000001101100 ;
#9319377
b1010011001111010000000011 2
b1010011001101010110110110 3
b111000001110100 ;
#9319666
b1010011001111001100011110 M
b1010011001101010110110110 N
b110011010110011 V
#9321844
b1001 "
b1111 ,
b111000001110110 ;
#9324800
b1010011001111001111111110 M
b1010011001101011011100010 N
b0 Q
b110011010111001 V
#9327133
b1011000000000010 %
b11 *
b1010011001111010011011011 2
b1100010 5
b1 6
b111000001111001 ;
#9336444
b1011000000000010 @
b11 E
b1111 G
b1010011001111010011011110 M
b1010011001101100000001110 N
b1100010 P
b110011011000011 V
#9339044
b0 %
b1010011001111010110111011 2
b1010011001101011011100010 3
b0 6
b111000010000010 ;
#9344311
b0 @
b1010011001111010110111110 M
b110011011001001 V
#9346711
b1010011001111011010011011 2
b1010011001101100000001110 3
b111000010000111 ;
#9352200
b111 =
b1010011001111011010011110 M
b110011011001110 V
#9356066
b1010011001111011101111011 2
b111000010001110 ;
#9361199
b1000 "
b10011 ,
b111000010010001 ;
#9363444
b1010011001111011101111110 M
b1010011001101101001100110 N
b110011011010100 V
#9365911
b1011000000000010 %
b100 *
b1010011001111100001011011 2
b1100011 5
b111000010010101 ;
#9374844
b110 =
b1011000000000010 @
b100 E
b10011 G
b1010011001111100001011110 M
b1010011001101101110010010 N
b1100011 P
b110011011011110 V
#9377755
b0 %
b1010011001111100100111011 2
b1010011001101101001100110 3
b111000010011101 ;
#9384288
b0 @
b1010011001111100100111110 M
b1 Q
b110011011100101 V
#9388133
b1010011001111101000011011 2
b1010011001101101110010010 3
b111000010100100 ;
#9391066
b1011000000000010 @
b101 E
b10110 G
b100 J
b1010011001111100110111001 M
b1100100 P
b0 Q
b110011011101010 V
#9398755
b1010011001111101100001011 2
b1010011001101110010111110 3
b111000010101100 ;
#9399777
b0 @
b100000000 J
b1010011001111101000011110 M
b1010011001101110010111110 N
b110011011101011 V
#9401844
b111 "
b10110 ,
b111000010101110 ;
#9407133
b101 =
b1010011001111101011111110 M
b1010011001101110111101010 N
b110011011110011 V
#9407266
b1011000000000010 %
b101 *
b1010011001111101111011011 2
b1100100 5
b1 6
b111000010110010 ;
#9416177
b110011110000110 <
b110 =
b1010011001111101111011110 M
b1010011001101111100010110 N
b110011110000110 O
b110011011111011 V
#9416422
b0 %
b1010011001111110010111011 2
b1010011001101110111101010 3
b0 6
b111000010111000 ;
#9425911
b1010011001111110010111110 M
b1 Q
b110011100000010 V
#9427177
b110011110000110 !
b1000 "
b1010011001111110110011100 2
b1010011001101111100010110 3
b110011110000110 4
b111000011000000 ;
#9430999
b111 "
b1011000100100000000001000101 .
b111000011000010 ;
#9434177
b110011110100100 <
b111 =
b1011000000000010 @
b110 E
b11011 G
b1010011001111110110011110 M
b1010011001110000001000010 N
b110011110100100 O
b1100101 P
b0 Q
b110011100000100 V
#9440111
b110011110100100 !
b1000 "
b1010011001111111010001110 2
b1010011001110000001000010 3
b110011110100100 4
b111000011001001 ;
#9442666
b111 "
b110 *
b11011 ,
b100 /
b1010011001111111100011110 2
b111000011001011 ;
#9445933
b110011111000001 <
b1000 =
b0 @
b1010011001111111001111110 M
b1010011001110000101101110 N
b110011111000001 O
b110011100001110 V
#9448933
b1011000000000010 %
b100000000 /
b1010011001111111101011101 2
b1100101 5
b1 6
b111000011001111 ;
#9450822
b111 =
b110011100010010 V
#9456533
b1010011001111111101011110 M
b110011100010110 V
#9457177
b110011111000001 !
b1000 "
b0 %
b1010011010000000000111110 2
b1010011001110000101101110 3
b110011111000001 4
b0 6
b111000011010101 ;
#9466533
b1010011010000000100011110 2
b111000011011011 ;
b1010011010000000000111110 M
b1 Q
b110011100011101 V
#9474800
b1011000000000010 @
b111 E
b11111 G
b1010011010000000100011110 M
b1010011001110001111000110 N
b1100110 P
b0 Q
b110011100100001 V
#9477222
b1010011010000001000010011 2
b1010011001110001111000110 3
b111000011100011 ;
#9481022
b111 "
b11111 ,
b111000011100110 ;
#9485733
b1011000000000010 %
b111 *
b1010011010000001011011111 2
b1100110 5
b111000011101001 ;
#9486355
b0 @
b1010011010000000111111110 M
b1010011001110010011110010 N
b110011100101011 V
#9495222
b110 =
b1010011010000001011011110 M
b1010011001110011000011110 N
b110011100110011 V
#9497511
b0 %
b1010011010000001110111111 2
b1010011001110010011110010 3
b111000011110001 ;
#9505111
b1010011010000001110111110 M
b1 Q
b110011100111010 V
#9507688
b1010011010000010010011011 2
b1010011001110011000011110 3
b111000011111000 ;
#9513644
b110011111011110 <
b111 =
b1011000000000010 @
b1000 E
b100010 G
b1010011010000010010011110 M
b1010011001110011101001010 N
b110011111011110 O
b1100111 P
b0 Q
b110011100111100 V
#9519266
b110011111011110 !
b1000 "
b1010011010000010110010111 2
b1010011001110011101001010 3
b110011111011110 4
b111000100000001 ;
#9521577
b111 "
b100010 ,
b111000100000010 ;
#9525133
b110011111111100 <
b1000 =
b0 @
b1010011010000010101111110 M
b1010011001110100001110110 N
b110011111111100 O
b110011101000110 V
#9526755
b1011000000000010 %
b1000 *
b1010011010000011001011100 2
b1100111 5
b111000100000110 ;
#9530244
b111 =
b110011101001010 V
#9535911
b110011111111100 !
b1000 "
b0 %
b1010011010000011100111011 2
b1010011001110100001110110 3
b110011111111100 4
b111000100001100 ;
#9535955
b1010011010000011001011110 M
b110011101001110 V
#9545777
b1010011010000100000011011 2
b111000100010011 ;
#9545866
b1010011010000011100111110 M
b1 Q
b110011101010101 V
#9554133
b110100000011001 <
b1000 =
b1011000000000010 @
b1001 E
b100111 G
b1010011010000100000011110 M
b1010011001110101011001110 N
b110100000011001 O
b1101000 P
b0 Q
b110011101011000 V
#9559333
b110100000011001 !
b1001 "
b1010011010000100100011011 2
b1010011001110101011001110 3
b110100000011001 4
b111000100011101 ;
#9561599
b1000 "
b100111 ,
b111000100011110 ;
#9565355
b0 @
b1010011010000100011111110 M
b1010011001110101111111010 N
b110011101100010 V
#9566888
b1011000000000010 %
b1001 *
b1010011010000100111011100 2
b1101000 5
b111000100100010 ;
#9570600
b111 =
b110011101100110 V
#9576311
b1010011010000100111011110 M
b110011101101010 V
#9576555
b0 %
b1010011010000101010111011 2
b1010011001110101111111010 3
b111000100101001 ;
#9586022
b1010011010000101110011011 2
b111000100101111 ;
#9586311
b1010011010000101010111110 M
b1 Q
b110011101110001 V
#9594555
b110 =
b1011000000000010 @
b1010 E
b101011 G
b1011000100100000000001000101 I
b1010011010000101110011110 M
b1010011001110111001010010 N
b1101001 P
b0 Q
b110011101110101 V
#9598066
b1010011010000110001111011 2
b1 6
b111000100111000 ;
#9602355
b0 @
b1010011001110111101111110 N
b110011101111100 V
#9606555
b1010011010000110101011011 2
b1010011001110111001010010 3
b0 6
b111000100111110 ;
#9613844
b110100000110110 <
b111 =
b1011000000000010 @
b1011 E
b101110 G
b1010011010000110101100100 M
b1010011001111000010101010 N
b110100000110110 O
b1101010 P
b110011110000111 V
#9615666
b1010011010000111000111011 2
b1010011001110111101111110 3
b111000101000100 ;
#9621444
b0 @
b1010011010000111000111110 M
b110011110001101 V
#9623333
b111 "
b1011000000000010 %
b1010 *
b101011 ,
b100 /
b1010011010000111011101001 2
b1101001 5
b1 6
b111000101001010 ;
#9628666
b110 =
b1 Q
b110011110010010 V
#9629222
b110100000110110 !
b1000 "
b0 %
b100000000 /
b1010011010000111100011011 2
b1010011001111000010101010 3
b110100000110110 4
b0 6
b111000101001110 ;
#9637288
b1010011010000111111111011 2
b1 6
b111000101010100 ;
#9638466
b110100001010100 <
b111 =
b1010011010000111100011110 M
b1010011001111000111010110 N
b110100001010100 O
b110011110010100 V
#9644022
b110100001110001 <
b1000 =
b1010011010000111111111110 M
b1010011001111001100000010 N
b110100001110001 O
b0 Q
b110011110011011 V
#9649133
b110100001010100 !
b1001 "
b1010011010001000011011011 2
b1010011001111000111010110 3
b110100001010100 4
b111000101011100 ;
#9655355
b1011000000000010 @
b0 E
b11 G
b1011000100100000000001000101 H
b1010011010001000011101000 M
b1010011001111010000101110 N
b1101011 P
b110011110100100 V
#9657333
b110100001110001 !
b1010 "
b1010011010001000110111011 2
b1010011001111001100000010 3
b110100001110001 4
b0 6
b111000101100010 ;
#9660511
b1001 "
b101110 ,
b111000101100100 ;
#9661066
b0 @
b1010011010001000110111110 M
b110011110101000 V
#9667888
b1011000000000010 %
b1011 *
b1010011010001001010011011 2
b1010011001111010000101110 3
b1101010 5
b111000101101001 ;
#9670200
b111 =
b110011110101011 V
#9677933
b0 %
b1010011010001001101111011 2
b1 6
b111000101110000 ;
#9678177
b1010011010001001010011110 M
b1010011001111010101011010 N
b110011110110000 V
#9682488
b1010011010001001101111110 M
b110011110110011 V
#9686377
b1010011010001010001011011 2
b1010011001111010101011010 3
b0 6
b111000101110110 ;
#9693622
b1011000000000010 @
b1 E
b111 G
b1010011010001010001101100 M
b1010011001111011110110010 N
b1101100 P
b110011110111110 V
#9695222
b1010011010001010100111011 2
b111000101111100 ;
#9700511
b1000 "
b11 ,
b1011000100100000000001000101 -
b111000110000000 ;
#9701266
b0 @
b1010011010001010100111110 M
b110011111000100 V
#9707822
b1011000000000010 %
b0 *
b1010011010001011000011011 2
b1010011001111011110110010 3
b1101011 5
b111000110000101 ;
#9713422
b110 =
b1010011010001011000011110 M
b1010011001111100011011110 N
b110011111001000 V
#9717799
b0 %
b1010011010001011011111011 2
b1 6
b111000110001100 ;
#9724533
b110100010001110 <
b111 =
b1010011010001011011111110 M
b1010011001111101000001010 N
b110100010001110 O
b110011111010011 V
#9726244
b1010011010001011111011011 2
b1010011001111100011011110 3
b0 6
b111000110010010 ;
#9735133
b110100010101100 <
b1000 =
b1011000000001110 @
b1000001010010110000010010 D
b10 E
b1001 G
b1010011010001011111110000 M
b1010011001111101100110110 N
b110100010101100 O
b1101101 P
b110011111011100 V
#9737844
b110100010001110 !
b1001 "
b1010011010001100010111011 2
b1010011001111101000001010 3
b110100010001110 4
b111000110011010 ;
#9740688
b1000 "
b111 ,
b1 6
b111000110011100 ;
#9745044
b0 @
b1010011010001100010111110 M
b1 Q
b110011111100011 V
#9748399
b110100010101100 !
b1001 "
b1011000000000010 %
b1 *
b1010011010001100110011011 2
b1010011001111101100110110 3
b110100010101100 4
b1101100 5
b0 6
b111000110100010 ;
#9749866
b111 =
b0 Q
b110011111100100 V
#9755888
b0 %
b1010011010001101001111011 2
b1 6
b111000110100111 ;
#9757844
b110100011001001 <
b1000 =
b1010011010001100110011110 M
b1010011001111110001100010 N
b110100011001001 O
b110011111101001 V
#9762022
b1010011010001101001111110 M
b110011111101100 V
#9766955
b110100011001001 !
b1010 "
b1010011010001101101011100 2
b1010011001111110001100010 3
b110100011001001 4
b0 6
b111000110101111 ;
#9768911
b1011000000000010 @
b11 E
b1111 G
b100 J
b1010011010001101100010001 M
b1101110 P
b110011111110000 V
#9775666
b1010011010001110000111011 2
b111000110110101 ;
#9779177
b0 @
b100000000 J
b1010011010001101101110100 M
b1010011001111111010111010 N
b110011111111011 V
#9780688
b1001 "
b1001 ,
b1 6
b111000110111000 ;
#9785311
b1010011010001110000111110 M
b1 Q
b110011111111111 V
#9788333
b1010 "
b1011000000001110 %
b1000001010010110000010010 )
b10 *
b1010011010001110100011011 2
b1010011001111111010111010 3
b1101101 5
b0 6
b111000110111110 ;
#9792400
b111 =
b1010011010001110100011110 M
b1010011001111111111100110 N
b0 Q
b110100000000001 V
#9795822
b0 %
b1010011010001110111111011 2
b1 6
b111000111000011 ;
#9803800
b1010011010001110111111110 M
b1010011010000000100010010 N
b110100000001011 V
#9806888
b1010011010001111011011011 2
b1010011001111111111100110 3
b0 6
b111000111001011 ;
#9814577
b1011000000000010 @
b100 E
b10011 G
b1010011010001111011111000 M
b1010011010000001000111110 N
b1101111 P
b110100000010100 V
#9816311
b1010011010001111110111011 2
b1010011010000000100010010 3
b111000111010001 ;
#9822244
b0 @
b1010011010001111110111110 M
b1 Q
b110100000011001 V
#9824755
b1001 "
b1011000000000010 %
b11 *
b1111 ,
b1010011010010000010011011 2
b1010011010000001000111110 3
b1101110 5
b111000111010111 ;
#9831333
b110 =
b0 Q
b110100000011100 V
#9837555
b0 %
b1010011010010000101111011 2
b1 6
b111000111100000 ;
#9839066
b1010011010010000010011110 M
b1010011010000001101101010 N
b110100000100010 V
#9845933
b1010011010010000101111110 M
b1010011010000010010010110 N
b110100000101001 V
#9845999
b1010011010010001001011011 2
b1010011010000001101101010 3
b0 6
b111000111100110 ;
#9854533
b1010011010010001100111100 2
b1010011010000010010010110 3
b111000111101100 ;
#9856200
b1011000000000010 @
b101 E
b10110 G
b1010011010010001001111101 M
b1010011010000010111000010 N
b1110000 P
b110100000110010 V
#9860488
b0 @
b1010011010010001100111110 M
b110100000110101 V
#9860511
b1000 "
b10011 ,
b111000111110000 ;
#9866688
b101 =
b110100000111001 V
#9868222
b1011000000000010 %
b100 *
b1010011010010010000011011 2
b1010011010000010111000010 3
b1101111 5
b111000111110110 ;
#9871755
b1010011010010010000011110 M
b110100000111101 V
#9874866
b0 %
b1010011010010010011111011 2
b111000111111011 ;
#9883266
b1010011010010010011111110 M
b1010011010000100000011010 N
b110100001000011 V
#9883711
b1010011010010010111011011 2
b111001000000001 ;
#9893933
b1011000000000010 @
b110 E
b11011 G
b1010011010010011000000000 M
b1010011010000100101000110 N
b1110001 P
b110100001001100 V
#9895422
b1010011010010011010111011 2
b1010011010000100000011010 3
b111001000001001 ;
#9900466
b111 "
b10110 ,
b111001000001101 ;
#9901577
b0 @
b1010011010010011010111110 M
b1 Q
b110100001010010 V
#9908088
b1011000000000010 %
b101 *
b1010011010010011110011011 2
b1010011010000100101000110 3
b1110000 5
b111001000010010 ;
#9913755
b100 =
b1010011010010011110011110 M
b1010011010000101001110010 N
b0 Q
b110100001010110 V
#9915733
b0 %
b1010011010010100001111011 2
b1 6
b111001000010111 ;
#9921533
b110100011100110 <
b101 =
b1010011010010100001111110 M
b1010011010000101110011110 N
b110100011100110 O
b110100001011110 V
#9924022
b1010011010010100101011011 2
b1010011010000101001110010 3
b0 6
b111001000011101 ;
#9928555
b1011000000000010 @
b111 E
b11111 G
b100 J
b1010011010010100100011011 M
b1110010 P
b110100001100011 V
#9936311
b110100011100110 !
b1011010001100000000001000101 .
b1010011010010101000111100 2
b1010011010000101110011110 3
b110100011100110 4
b111001000100110 ;
#9938622
b110100100000100 <
b110 =
b0 @
b100000000 J
b1010011010010100110000100 M
b1010011010000110011001010 N
b110100100000100 O
b110100001101100 V
#9939799
b110 "
b11011 ,
b111001000101000 ;
#9942244
b1010011010010101000111110 M
b110100001101110 V
#9946755
b110100100000100 !
b111 "
b1011000000000010 %
b110 *
b1010011010010101100011011 2
b1010011010000110011001010 3
b110100100000100 4
b1110001 5
b111001000101101 ;
#9951088
b101 =
b1010011010010101100011110 M
b110100001110101 V
#9955511
b0 %
b1010011010010101111111011 2
b111001000110011 ;
#9962577
b110100100100001 <
b110 =
b1010011010010101111111110 M
b1010011010000111100100010 N
b110100100100001 O
b110100001111100 V
#9964555
b1010011010010110011011011 2
b111001000111010 ;
#9968777
b1011000000000010 @
b1000 E
b100010 G
b100 J
b1010011010010110010011110 M
b1110011 P
b1 Q
b110100010000000 V
#9976066
b110100100100001 !
b1000 "
b1010011010010110110111011 2
b1010011010000111100100010 3
b110100100100001 4
b111001001000010 ;
#9976844
b0 @
b100000000 J
b1010011010010110011011110 M
b110100010000110 V
#9980711
b111 "
b11111 ,
b111001001000101 ;
#9984311
b1010011010010110110111110 M
b1010011010001000001001110 N
#9988799
b1011000000000010 %
b111 *
b1010011010010111010011101 2
b1010011010001000001001110 3
b1110010 5
b111001001001011 ;
#9992666
b101 =
b1010011010010111010011110 M
b1010011010001000101111010 N
b0 Q
b110100010001110 V
#9997044
b0 %
b1010011010010111101111011 2
b1 6
b111001001010000 ;
#9999222
b1010011010010111101111110 M
b110100010010010 V
#10005622
b1010011010011000001011011 2
b1010011010001000101111010 3
b0 6
b111001001010111 ;
#10006733
b1001 E
b100111 G
b1010011010011000000100000 M
b110100010011000 V
#10012599
b1010011010011000100111011 2
b111001001011011 ;
#10014622
b1011000000000010 @
b1010011010011000001011110 M
b1110100 P
b1 Q
b110100010011101 V
#10019933
b110 "
b100010 ,
b111001001100001 ;
#10020577
b0 @
b1010011010011000100111110 M
b1010011010001001111010010 N
b0 Q
b110100010011111 V
#10027199
b1011000000000010 %
b1000 *
b1010011010011001000100011 2
b1010011010001001111010010 3
b1110011 5
b111001001100110 ;
#10032666
b0 %
b1010011010011001011111011 2
b111001001101010 ;
#10033177
b110100100111110 <
b1010011010011001000011110 M
b1010011010001010011111110 N
b110100100111110 O
b110100010101010 V
#10040866
b110100101011100 <
b110 =
b1010011010011001011111110 M
b1010011010001011000101010 N
b110100101011100 O
b110100010110011 V
#10045688
b110100100111110 !
b111 "
b1010011010011001111011011 2
b1010011010001010011111110 3
b110100100111110 4
b111001001110011 ;
#10047911
b1011000000000010 @
b1010 E
b101011 G
b100 J
b1010011010011001110100011 M
b1110101 P
b1 Q
b110100010111000 V
#10054399
b110100101011100 !
b1000 "
b1010011010011010010111100 2
b1010011010001011000101010 3
b110100101011100 4
b111001001111001 ;
#10055977
b0 @
b100000000 J
b1010011010011001111011110 M
b110100010111101 V
#10060222
b111 "
b100111 ,
b111001001111101 ;
#10061555
b110100101111001 <
b111 =
b1010011010011010010111110 M
b1010011010001011101010110 N
b110100101111001 O
b0 Q
b110100010111100 V
#10067533
b110100101111001 !
b1000 "
b1011000000000010 %
b1001 *
b100000100 /
b1010011010011010110011010 2
b1010011010001011101010110 3
b110100101111001 4
b1110100 5
b111001010000010 ;
#10070599
b110 =
b1011010001100000000001000101 I
b1010011010011010110011110 M
b110100011000011 V
#10073088
b0 %
b100000000 /
b1010011010011011001111100 2
b111001010000110 ;
#10081044
b1010011010011011001111110 M
b1010011010001100110101110 N
b110100011001111 V
#10083022
b1010011010011011101011011 2
b111001010001101 ;
#10088222
b1011000000000010 @
b1011 E
b101110 G
b100 J
b1010011010011011100100110 M
b1110110 P
b1 Q
b110100011010100 V
#10093822
b1010011010011100000111011 2
b1010011010001100110101110 3
b111001010010101 ;
#10096266
b0 @
b100000000 J
b1010011010011011101011110 M
b110100011011010 V
#10100111
b111 "
b101011 ,
b111001010011001 ;
#10101777
b1010011010011100000111110 M
b1010011010001101011011010 N
b110100011011000 V
#10107333
b1011000000000010 %
b1010 *
b100000100 /
b1010011010011100100100000 2
b1010011010001101011011010 3
b1110101 5
b111001010011110 ;
#10112133
b101 =
b1010011010011100100011110 M
b1010011010001110000000110 N
b0 Q
b110100011100011 V
#10112799
b0 %
b100000000 /
b1010011010011100111111011 2
b111001010100010 ;
#10120444
b110100110010110 <
b110 =
b1010011010011100111111110 M
b1010011010001110100110010 N
b110100110010110 O
b110100011101011 V
#10125644
b1010011010011101011011011 2
b1010011010001110000000110 3
b111001010101011 ;
#10126622
b0 E
b11 G
b1011010001100000000001000101 H
b100 J
b1010011010011101010101000 M
b110100011101111 V
#10133266
b110100110010110 !
b1000 "
b1010011010011101110111100 2
b1010011010001110100110010 3
b110100110010110 4
b111001010110000 ;
#10134577
b1011000000000010 @
b100000000 J
b1010011010011101011011110 M
b1110111 P
b1 Q
b110100011110101 V
#10140066
b111 "
b101110 ,
b111001010110101 ;
#10140355
b110100110110100 <
b111 =
b0 @
b1010011010011101110111110 M
b1010011010001111001011110 N
b110100110110100 O
b0 Q
b110100011110100 V
#10147399
b110100110110100 !
b1000 "
b1011000000000010 %
b1011 *
b100000100 /
b1010011010011110010100101 2
b1010011010001111001011110 3
b110100110110100 4
b1110110 5
b111001010111010 ;
#10152155
b0 %
b100000000 /
b1010011010011110101111101 2
b111001010111110 ;
#10152933
b110100111010001 <
b1010011010011110010011110 M
b1010011010001111110001010 N
b110100111010001 O
b110100011111111 V
#10158955
b1010011010011110110000000 M
b110100100000100 V
#10162911
b110100111010001 !
b1001 "
b1010011010011111001011011 2
b1010011010001111110001010 3
b110100111010001 4
b111001011000101 ;
#10172355
b1010011010011111100111110 2
b111001011001100 ;
#10179844
b1000 "
b11 ,
b1011010001100000000001000101 -
b111001011010001 ;
#10186755
b1011000000000010 %
b0 *
b100000100 /
b1010011010100000000101011 2
b1010011010010000111100010 3
b1110111 5
b111001011010110 ;
#10192333
b0 %
b100000000 /
b1010011010100000011111111 2
b111001011011010 ;
#10205199
b1010011010100000111011011 2
b1010011010010001100001110 3
b111001011100011 ;
#10213666
b1010011010100001011000001 2
b1010011010010010000111010 3
b111001011101001 ;
#10219911
b111 "
b111 ,
b111001011101101 ;
