Video: LI="625": 0
InitMPEG 4 5 - D00036 D00052 - D0084E D00036
Starting FMV
playMpeg /cd/VIDEO01.RTF 0 - 1 1
fdrvs1_static: dfb130
dma_adr 80004040
fma_dclk_adr e03010
MVVV 0 0 0
Started Play /cd/VIDEO01.RTF at d013e0
MV2 19f
  0  00000200 01 21 0000 b280 01800100 00000000 03000200 00000000 0000 19 0000 00000000 00000000 0200 000f 00000000 00001192 000013ac 0135 0000 01 4000 0e10 0003 0003 00 0008 0000 03000200 00000000 00000000 0000 000a1417
  1  00000200 01 21 0000 0000 01800100 00000000 03000200 00000000 0000 19 0000 00000000 00000000 0200 000f 00000000 00001192 000013ac 0135 0000 02 4000 0e10 0003 0003 00 0008 0000 03000200 00000000 00000000 0000 00000036
  2  00000200 01 21 0000 0000 01800100 00000000 03000200 00000000 0000 19 0000 00000000 00000000 0200 000f 00000000 00001192 000013ac 0135 0000 03 4000 0e10 0003 0003 00 0008 0000 00840058 00000000 00000000 0000 0000007a
  3  00000200 01 21 0000 0000 01800100 00000000 03000200 00000000 0000 19 0000 00000000 00000000 0100 000f 00000000 00001335 000013ac 0135 0000 01 4000 0e10 0003 0003 ff 0000 0000 00840058 00000000 00000000 0000 000002c4
  4  00000200 01 21 0000 0000 01800100 00000000 03000200 00000000 0000 19 0000 00000000 00000000 2080 000f 00000000 0000137f 000013ac 0135 0000 02 4000 0e10 0003 0003 00 0000 0000 00840058 00000000 00000000 0000 0000003f
  5  00000200 01 21 0000 0000 01800100 00000000 03000200 00000000 0000 19 0000 00000000 00000000 2080 000f 00000000 0000137f 000013ac 0135 0000 03 4000 0e10 0003 0003 00 0008 0000 00840058 00000000 00000000 0000 0000006e
  6  00000200 01 21 0000 0000 01800100 00000000 03000200 00000000 0000 19 0000 00000000 00000000 0100 000f 00000000 000014f5 000013ac 0135 0000 01 4000 0e10 0003 0003 ff 0000 0000 00840058 00000000 00000000 0000 000002d6
  7  00000200 01 21 0000 0000 01800100 00000000 03000200 00000000 0000 19 0000 00000000 00000000 0100 000f 00000000 000014f5 000013ac 0135 0000 02 4000 0e10 0003 0003 00 0000 0000 00840058 00000000 00000000 0000 00000036
  8  00000200 01 21 0000 0000 01800100 00000000 03000200 00000000 0000 19 0000 00000000 00000000 0100 000f 00000000 000014f5 000013ac 0135 0000 03 4000 0e10 0003 0003 00 0008 0000 00840058 00000000 00000000 0000 0000006e
  9  00000200 01 21 0000 0000 01800100 00000000 03000200 00000000 0000 19 0000 00000000 00000000 2080 000f 00000000 00001702 000013ac 0135 0000 04 4000 0e10 0003 0003 ff 0000 0000 00840058 00000000 00000000 0000 000002ed
 10  00000200 01 21 0000 0000 01800100 00000000 03000200 00000000 0000 19 0000 00000000 00000000 2080 000f 00000000 00001702 000013ac 0135 0000 05 4000 0e10 0003 0003 00 0000 0000 00840058 00000000 00020002 0000 0000003c
 11  00000200 01 21 0000 0000 01800100 00000000 03000200 00000000 0000 19 0000 00000000 00000000 2080 000f 00000000 00001702 000013ac 0135 0000 06 4000 0e10 0003 0003 00 000c 0000 00840058 00020002 00020002 0000 0000007f
 12  00000200 01 21 0000 0000 01800100 00000000 03000200 00000000 0000 19 0000 00000000 00000000 2080 000f 00000000 000018c3 000013ac 0135 0000 04 4000 0e10 0003 0003 ff 0000 0000 00840058 00020002 00020002 0000 000002c7
 13  00000200 01 21 0000 0000 01800100 00000000 03000200 00000000 0000 19 0000 00000000 00000000 2080 000f 00000000 000018c3 000013ac 0135 0000 05 4000 0e10 0003 0003 00 0000 0000 00840058 00020002 00040004 0000 0000003d
 14  00000200 01 21 0000 0000 01800100 00000000 03000200 00000000 0000 19 0000 00000000 00000000 2080 000f 00000000 000018c3 000013ac 0135 0000 06 4000 0e10 0003 0003 00 000c 0000 00840058 00040004 00040004 0000 0000007e
 15  00000200 01 21 0000 0000 01800100 00000000 03000200 00000000 0000 19 0000 00000000 00000000 2080 000f 00000000 00001a84 000013ac 0135 0000 04 4000 0e10 0003 0003 ff 0000 0000 00840058 00040004 00040004 0000 000002c8
 16  00000200 01 21 0000 0000 01800100 00000000 03000200 00000000 0000 19 0000 00000000 00000000 2080 000f 00000000 00001a84 000013ac 0135 0000 05 4000 0e10 0003 0003 00 0000 0000 00840058 00040004 00060006 0000 0000003d
 17  00000200 01 21 0000 0000 01800100 00000000 03000200 00000000 0000 19 0000 00000000 00000000 2080 000f 00000000 00001a84 000013ac 0135 0000 06 4000 0e10 0003 0003 00 000c 0000 00840058 00060006 00060006 0000 0000007e
 18  00000200 01 21 0000 0000 01800100 00000000 03000200 00000000 0000 19 0000 00000000 00000000 2080 000f 00000000 00001c46 000013ac 0135 0000 04 4000 0e10 0003 0003 ff 0000 0000 00840058 00060006 00060006 0000 000002c7
 19  00000200 01 21 0000 0000 01800100 00000000 03000200 00000000 0000 19 0000 00000000 00000000 2080 000f 00000000 00001c46 000013ac 0135 0000 05 4000 0e10 0003 0003 00 0000 0000 00840058 00060006 00080008 0000 0000003d
 20  00000200 01 21 0000 0000 01800100 00000000 03000200 00000000 0000 19 0000 00000000 00000000 2080 000f 00000000 00001c46 000013ac 0135 0000 06 4000 0e10 0003 0003 00 000c 0000 00840058 00080008 00080008 0000 0000007c
 21  00000200 01 21 0000 0000 01800100 00000000 03000200 00000000 0000 19 0000 00000000 00000000 2080 000f 00000000 00001e07 000013ac 0135 0000 04 4000 0e10 0003 0003 ff 0000 0000 00840058 00080008 00080008 0000 000002ca
 22  00000200 01 21 0000 0000 01800100 00000000 03000200 00000000 0000 19 0000 00000000 00000000 2080 000f 00000000 00001e07 000013ac 0135 0000 05 4000 0e10 0003 0003 00 0000 0000 00840058 00080008 000a000a 0000 0000003d
 23  00000200 01 21 0000 0000 01800100 00000000 03000200 00000000 0000 19 0000 00000000 00000000 2080 000f 00000000 00001e07 000013ac 0135 0000 06 4000 0e10 0003 0003 00 000c 0000 00840058 000a000a 000a000a 0000 0000007e
 24  00000200 01 21 0000 0000 01800100 00000000 03000200 00000000 0000 19 0000 00000000 00000000 2080 000f 00000000 00001fc8 000013ac 0135 0000 04 4000 0e10 0003 0003 ff 0000 0000 00840058 000a000a 000a000a 0000 000002c8
 25  00000200 01 21 0000 0000 01800100 00000000 03000200 00000000 0000 19 0000 00000000 00000000 2080 000f 00000000 00001fc8 000013ac 0135 0000 05 4000 0e10 0003 0003 00 0000 0000 00840058 000a000a 000c000c 0000 0000003c
 26  00000200 01 21 0000 0000 01800100 00000000 03000200 00000000 0000 19 0000 00000000 00000000 2080 000f 00000000 00001fc8 000013ac 0135 0000 06 4000 0e10 0003 0003 00 000c 0000 00840058 000c000c 000c000c 0000 0000007f
 27  00000200 01 0e 0000 0000 01800100 00000000 03000200 00000000 0000 19 0000 00000000 00000000 2080 000f 00000000 0000218a 000013ac 0135 0000 04 4000 0e10 0003 0003 ff 0000 0000 00840058 000c000c 000c000c 0042 000002c8
 28  00000200 01 0e 0000 0000 01800100 00000000 03000200 00000000 0000 19 0000 00000000 00000000 2080 000f 00000000 0000218a 000013ac 0135 0000 05 4000 0e10 0003 0003 00 0000 0000 00840058 000c000c 000e000e 0042 0000003c
 29  00000200 01 0e 0000 0000 01800100 00000000 03000200 00000000 0000 19 0000 00000000 00000000 2080 000f 00000000 0000218a 000013ac 0135 0000 06 4000 0e10 0003 0003 00 000c 0000 00840058 000e000e 000e000e 0042 0000007e
 30  00000200 01 0e 0000 0000 01800100 00000000 03000200 00000000 0000 19 0000 00000000 00000000 2080 000f 00000000 000022f5 000013ac 0135 0000 04 4000 0e10 0003 0003 00 0000 0000 00840058 000e000e 000e000e 0042 000002ca
 31  00000200 01 0e 0000 0000 01800100 00000000 03000200 00000000 0000 19 0000 00000000 00000000 2080 000f 00000000 000022f5 000013ac 0135 0000 05 4000 0e10 0003 0003 00 000c 0000 00840058 000e000e 00100010 0042 0000003a
 32  00000200 01 0e 0000 0000 01800100 00000000 03000200 00000000 0000 19 0000 00000000 00000000 2080 000f 00000000 000022f5 000013ac 0135 0000 06 4000 0e10 0003 0003 00 000c 0000 00840058 00100010 00100010 0042 0000007c
 33  00000200 01 0e 0000 0000 01800100 00000000 03000200 00000000 0000 19 0000 00000000 00000000 2080 000f 00000000 000024b5 000013ac 0135 0000 04 4000 0e10 0003 0003 00 0000 0000 00840058 00100010 00100010 0042 000002cc
 34  00000200 01 0e 0000 0000 01800100 00000000 03000200 00000000 0000 19 0000 00000000 00000000 2080 000f 00000000 000024b5 000013ac 0135 0000 05 4000 0e10 0003 0003 00 000c 0000 00840058 00100010 00120012 0042 0000003b
 35  00000200 01 0e 0000 0000 01800100 00000000 03000200 00000000 0000 19 0000 00000000 00000000 2080 000f 00000000 000024b5 000013ac 0135 0000 06 4000 0e10 0003 0003 00 000c 0000 00840058 00120012 00120012 0042 0000007c
 36  00000200 01 0e 0000 0000 01800100 00000000 03000200 00000000 0000 19 0000 00000000 00000000 2080 000f 00000000 00002675 000013ac 0135 0000 04 4000 0e10 0003 0003 00 0000 0000 00840058 00120012 00120012 0042 000002cc
 37  00000200 01 0e 0000 0000 01800100 00000000 03000200 00000000 0000 19 0000 00000000 00000000 2080 000f 00000000 00002675 000013ac 0135 0000 05 4000 0e10 0003 0003 00 000c 0000 00840058 00120012 00140014 0042 0000003a
 38  00000200 01 0e 0000 0000 01800100 00000000 03000200 00000000 0000 19 0000 00000000 00000000 2080 000f 00000000 00002675 000013ac 0135 0000 06 4000 0e10 0003 0003 00 000c 0000 00840058 00140014 00140014 0042 0000007d
 39  00000200 00 0e 0000 0000 01800100 01800100 03000200 00000000 0000 19 0001 00000000 00000000 20a0 000f 00000000 00002835 000013ac 0135 0000 04 4000 0e10 0003 0003 00 0000 0000 00840058 00140014 00140014 0042 000002d2
 40  00000000 00 08 0000 0000 01800100 01800100 03000200 00000000 0000 19 0001 00000000 00000000 000f 0008 00000000 00002835 000013ac 0135 0000 05 4000 0e10 0003 0003 00 000c 0000 00840058 00140014 00160016 0042 0000009e
 41  00000000 00 08 0000 0000 01800100 01800100 03000200 00000000 0000 19 0001 00000000 00000000 000f 0008 00000000 00002835 000013ac 0135 0000 06 4000 0e10 0003 0003 00 000c 0000 00840058 00140014 00160016 0042 0000006b
 42  00000000 00 08 0000 b100 01800100 01800100 03000200 00000000 0000 19 0001 00000000 00000000 2000 0008 00000000 00002835 000013ac 0135 0000 04 4000 0e10 0003 0003 ff 000c 0000 00840058 00140014 00160016 0042 0000026d
 43  00000000 00 08 0000 b01e 01800100 01800100 03000200 00000000 0000 19 0001 00000000 00000000 2000 0008 00000000 00002835 000013ac 0135 0000 05 4000 0e10 0003 0003 ff 000c 0000 00840058 00140014 00160016 0042 00000035
 44  00000000 00 08 0000 0000 01800100 01800100 03000200 00000000 0000 19 0001 00000000 00000000 2000 0008 00000000 00002835 000013ac 0135 0000 06 4000 0e10 0003 0003 ff 000c 0000 00840058 00140014 00160016 0042 0000006e
 45  00000000 00 08 0000 0000 01800100 01800100 03000200 00000000 0000 19 0001 00000000 00000000 2000 0008 00000000 00002835 000013ac 0135 0000 04 4000 0e10 0003 0003 ff 000c 0000 00840058 00140014 00160016 0042 000002dc
 46  00000000 00 08 0000 0000 01800100 01800100 03000200 00000000 0000 19 0001 00000000 00000000 2000 0008 00000000 00002835 000013ac 0135 0000 05 4000 0e10 0003 0003 ff 000c 0000 00840058 00140014 00160016 0042 00000036
 47  00000000 00 08 0000 0000 01800100 01800100 03000200 00000000 0000 19 0001 00000000 00000000 2000 0008 00000000 00002835 000013ac 0135 0000 06 4000 0e10 0003 0003 ff 000c 0000 00840058 00140014 00160016 0042 0000006e
 48  00000000 00 08 0000 0000 01800100 01800100 03000200 00000000 0000 19 0001 00000000 00000000 2000 0008 00000000 00002835 000013ac 0135 0000 04 4000 0e10 0003 0003 ff 000c 0000 00840058 00140014 00160016 0042 000002de
 49  00000000 00 08 0000 0000 01800100 01800100 03000200 00000000 0000 19 0001 00000000 00000000 2000 0008 00000000 00002835 000013ac 0135 0000 05 4000 0e10 0003 0003 ff 000c 0000 00840058 00140014 00160016 0042 00000036
 50  00000000 00 08 0000 0000 01800100 01800100 03000200 00000000 0000 19 0001 00000000 00000000 2000 0008 00000000 00002835 000013ac 0135 0000 06 4000 0e10 0003 0003 ff 000c 0000 00840058 00140014 00160016 0042 00000071
 51  00000000 00 08 0000 0000 01800100 01800100 03000200 00000000 0000 19 0001 00000000 00000000 2000 0008 00000000 00002835 000013ac 0135 0000 04 4000 0e10 0003 0003 ff 000c 0000 00840058 00140014 00160016 0042 000002dc
 52  00000000 00 08 0000 0000 01800100 01800100 03000200 00000000 0000 19 0001 00000000 00000000 2000 0008 00000000 00002835 000013ac 0135 0000 05 4000 0e10 0003 0003 ff 000c 0000 00840058 00140014 00160016 0042 00000036
 53  00000000 00 08 0000 0000 01800100 01800100 03000200 00000000 0000 19 0001 00000000 00000000 2000 0008 00000000 00002835 000013ac 0135 0000 06 4000 0e10 0003 0003 ff 000c 0000 00840058 00140014 00160016 0042 00000073
 54  00000000 00 08 0000 0000 01800100 01800100 03000200 00000000 0000 19 0001 00000000 00000000 2000 0008 00000000 00002835 000013ac 0135 0000 04 4000 0e10 0003 0003 ff 000c 0000 00840058 00140014 00160016 0042 000002d9
 55  00000000 00 08 0000 0000 01800100 01800100 03000200 00000000 0000 19 0001 00000000 00000000 2000 0008 00000000 00002835 000013ac 0135 0000 05 4000 0e10 0003 0003 ff 000c 0000 00840058 00140014 00160016 0042 00000036
 56  00000000 00 08 0000 0000 01800100 01800100 03000200 00000000 0000 19 0001 00000000 00000000 2000 0008 00000000 00002835 000013ac 0135 0000 06 4000 0e10 0003 0003 ff 000c 0000 00840058 00140014 00160016 0042 00000074
 57  00000000 00 08 0000 0000 01800100 01800100 03000200 00000000 0000 19 0001 00000000 00000000 2000 0008 00000000 00002835 000013ac 0135 0000 04 4000 0e10 0003 0003 ff 000c 0000 00840058 00140014 00160016 0042 000002d9
 58  00000000 00 08 0000 0000 01800100 01800100 03000200 00000000 0000 19 0001 00000000 00000000 2000 0008 00000000 00002835 000013ac 0135 0000 05 4000 0e10 0003 0003 ff 000c 0000 00840058 00140014 00160016 0042 00000036
 59  00000000 00 08 0000 0000 01800100 01800100 03000200 00000000 0000 19 0001 00000000 00000000 2000 0008 00000000 00002835 000013ac 0135 0000 06 4000 0e10 0003 0003 ff 000c 0000 00840058 00140014 00160016 0042 00000073
 60  00000000 00 08 0000 0000 01800100 01800100 03000200 00000000 0000 19 0001 00000000 00000000 2000 0008 00000000 00002835 000013ac 0135 0000 04 4000 0e10 0003 0003 ff 000c 0000 00840058 00140014 00160016 0042 000002da
 61  00000000 00 08 0000 0000 01800100 01800100 03000200 00000000 0000 19 0001 00000000 00000000 2000 0008 00000000 00002835 000013ac 0135 0000 05 4000 0e10 0003 0003 ff 000c 0000 00840058 00140014 00160016 0042 00000036
 62  00000000 00 08 0000 0000 01800100 01800100 03000200 00000000 0000 19 0001 00000000 00000000 2000 0008 00000000 00002835 000013ac 0135 0000 06 4000 0e10 0003 0003 ff 000c 0000 00840058 00140014 00160016 0042 00000072
 63  00000000 00 08 0000 0000 01800100 01800100 03000200 00000000 0000 19 0001 00000000 00000000 2000 0008 00000000 00002835 000013ac 0135 0000 04 4000 0e10 0003 0003 ff 000c 0000 00840058 00140014 00160016 0042 000002da
 64  00000000 00 08 0000 0000 01800100 01800100 03000200 00000000 0000 19 0001 00000000 00000000 2000 0008 00000000 00002835 000013ac 0135 0000 05 4000 0e10 0003 0003 ff 000c 0000 00840058 00140014 00160016 0042 00000036
 65  00000000 00 08 0000 0000 01800100 01800100 03000200 00000000 0000 19 0001 00000000 00000000 2000 0008 00000000 00002835 000013ac 0135 0000 06 4000 0e10 0003 0003 ff 000c 0000 00840058 00140014 00160016 0042 00000071
 66  00000000 00 08 0000 0000 01800100 01800100 03000200 00000000 0000 19 0001 00000000 00000000 2000 0008 00000000 00002835 000013ac 0135 0000 04 4000 0e10 0003 0003 ff 000c 0000 00840058 00140014 00160016 0042 000002dc
 67  00000000 00 08 0000 0000 01800100 01800100 03000200 00000000 0000 19 0001 00000000 00000000 2000 0008 00000000 00002835 000013ac 0135 0000 05 4000 0e10 0003 0003 ff 000c 0000 00840058 00140014 00160016 0042 00000036
 68  00000000 00 08 0000 0000 01800100 01800100 03000200 00000000 0000 19 0001 00000000 00000000 2000 0008 00000000 00002835 000013ac 0135 0000 06 4000 0e10 0003 0003 ff 000c 0000 00840058 00140014 00160016 0042 00000073
 69  00000000 00 08 0000 0000 01800100 01800100 03000200 00000000 0000 19 0001 00000000 00000000 2000 0008 00000000 00002835 000013ac 0135 0000 04 4000 0e10 0003 0003 ff 000c 0000 00840058 00140014 00160016 0042 000002d9
 70  00000000 00 08 0000 0000 01800100 01800100 03000200 00000000 0000 19 0001 00000000 00000000 2000 0008 00000000 00002835 000013ac 0135 0000 05 4000 0e10 0003 0003 ff 000c 0000 00840058 00140014 00160016 0042 00000036
 71  00000000 00 08 0000 0000 01800100 01800100 03000200 00000000 0000 19 0001 00000000 00000000 2000 0008 00000000 00002835 000013ac 0135 0000 06 4000 0e10 0003 0003 ff 000c 0000 00840058 00140014 00160016 0042 00000074
 72  00000000 00 08 0000 0000 01800100 01800100 03000200 00000000 0000 19 0001 00000000 00000000 2000 0008 00000000 00002835 000013ac 0135 0000 04 4000 0e10 0003 0003 ff 000c 0000 00840058 00140014 00160016 0042 000002d9
 73  00000000 00 08 0000 0000 01800100 01800100 03000200 00000000 0000 19 0001 00000000 00000000 2000 0008 00000000 00002835 000013ac 0135 0000 05 4000 0e10 0003 0003 ff 000c 0000 00840058 00140014 00160016 0042 00000036
 74  00000000 00 08 0000 0000 01800100 01800100 03000200 00000000 0000 19 0001 00000000 00000000 2000 0008 00000000 00002835 000013ac 0135 0000 06 4000 0e10 0003 0003 ff 000c 0000 00840058 00140014 00160016 0042 00000073
 75  00000000 00 08 0000 0000 01800100 01800100 03000200 00000000 0000 19 0001 00000000 00000000 2000 0008 00000000 00002835 000013ac 0135 0000 04 4000 0e10 0003 0003 ff 000c 0000 00840058 00140014 00160016 0042 000002da
 76  00000000 00 08 0000 0000 01800100 01800100 03000200 00000000 0000 19 0001 00000000 00000000 2000 0008 00000000 00002835 000013ac 0135 0000 05 4000 0e10 0003 0003 ff 000c 0000 00840058 00140014 00160016 0042 00000036
 77  00000000 00 08 0000 0000 01800100 01800100 03000200 00000000 0000 19 0001 00000000 00000000 2000 0008 00000000 00002835 000013ac 0135 0000 06 4000 0e10 0003 0003 ff 000c 0000 00840058 00140014 00160016 0042 00000068
 78  00000000 00 08 0000 0000 01800100 01800100 03000200 00000000 0000 19 0001 00000000 00000000 2000 0008 00000000 00002835 000013ac 0135 0000 04 4000 0e10 0003 0003 ff 000c 0000 00840058 00140014 00160016 0042 000002e4
 79  00000000 00 08 0000 0000 01800100 01800100 03000200 00000000 0000 19 0001 00000000 00000000 2000 0008 00000000 00002835 000013ac 0135 0000 05 4000 0e10 0003 0003 ff 000c 0000 00840058 00140014 00160016 0042 00000036
 80  00000000 00 08 0000 0000 01800100 01800100 03000200 00000000 0000 19 0001 00000000 00000000 2000 0008 00000000 00002835 000013ac 0135 0000 06 4000 0e10 0003 0003 ff 000c 0000 00840058 00140014 00160016 0042 00000068
 81  00000000 00 08 0000 0000 01800100 01800100 03000200 00000000 0000 19 0001 00000000 00000000 2000 0008 00000000 00002835 000013ac 0135 0000 04 4000 0e10 0003 0003 ff 000c 0000 00840058 00140014 00160016 0042 000002e5
 82  00000000 00 08 0000 0000 01800100 01800100 03000200 00000000 0000 19 0001 00000000 00000000 2000 0008 00000000 00002835 000013ac 0135 0000 05 4000 0e10 0003 0003 ff 000c 0000 00840058 00140014 00160016 0042 00000036
 83  00000000 00 08 0000 0000 01800100 01800100 03000200 00000000 0000 19 0001 00000000 00000000 2000 0008 00000000 00002835 000013ac 0135 0000 06 4000 0e10 0003 0003 ff 000c 0000 00840058 00140014 00160016 0042 00000068
 84  00000000 00 08 0000 0000 01800100 01800100 03000200 00000000 0000 19 0001 00000000 00000000 2000 0008 00000000 00002835 000013ac 0135 0000 04 4000 0e10 0003 0003 ff 000c 0000 00840058 00140014 00160016 0042 000002e5
 85  00000000 00 08 0000 0000 01800100 01800100 03000200 00000000 0000 19 0001 00000000 00000000 2000 0008 00000000 00002835 000013ac 0135 0000 05 4000 0e10 0003 0003 ff 000c 0000 00840058 00140014 00160016 0042 00000035
 86  00000000 00 08 0000 0000 01800100 01800100 03000200 00000000 0000 19 0001 00000000 00000000 2000 0008 00000000 00002835 000013ac 0135 0000 06 4000 0e10 0003 0003 ff 000c 0000 00840058 00140014 00160016 0042 00000068
 87  00000000 00 08 0000 0000 01800100 01800100 03000200 00000000 0000 19 0001 00000000 00000000 2000 0008 00000000 00002835 000013ac 0135 0000 04 4000 0e10 0003 0003 ff 000c 0000 00840058 00140014 00160016 0042 000002e5
 88  00000000 00 08 0000 0000 01800100 01800100 03000200 00000000 0000 19 0001 00000000 00000000 2000 0008 00000000 00002835 000013ac 0135 0000 05 4000 0e10 0003 0003 ff 000c 0000 00840058 00140014 00160016 0042 00000036
 89  00000000 00 08 0000 0000 01800100 01800100 03000200 00000000 0000 19 0001 00000000 00000000 2000 0008 00000000 00002835 000013ac 0135 0000 06 4000 0e10 0003 0003 ff 000c 0000 00840058 00140014 00160016 0042 00000068
 90  00000000 00 08 0000 0000 01800100 01800100 03000200 00000000 0000 19 0001 00000000 00000000 2000 0008 00000000 00002835 000013ac 0135 0000 04 4000 0e10 0003 0003 ff 000c 0000 00840058 00140014 00160016 0042 000002e5
 91  00000000 00 08 0000 0000 01800100 01800100 03000200 00000000 0000 19 0001 00000000 00000000 2000 0008 00000000 00002835 000013ac 0135 0000 05 4000 0e10 0003 0003 ff 000c 0000 00840058 00140014 00160016 0042 00000036
 92  00000000 00 08 0000 0000 01800100 01800100 03000200 00000000 0000 19 0001 00000000 00000000 2000 0008 00000000 00002835 000013ac 0135 0000 06 4000 0e10 0003 0003 ff 000c 0000 00840058 00140014 00160016 0042 00000068
 93  00000000 00 08 0000 0000 01800100 01800100 03000200 00000000 0000 19 0001 00000000 00000000 2000 0008 00000000 00002835 000013ac 0135 0000 04 4000 0e10 0003 0003 ff 000c 0000 00840058 00140014 00160016 0042 000002e4
 94  00000000 00 08 0000 0000 01800100 01800100 03000200 00000000 0000 19 0001 00000000 00000000 2000 0008 00000000 00002835 000013ac 0135 0000 05 4000 0e10 0003 0003 ff 000c 0000 00840058 00140014 00160016 0042 00000036
 95  00000000 00 08 0000 0000 01800100 01800100 03000200 00000000 0000 19 0001 00000000 00000000 2000 0008 00000000 00002835 000013ac 0135 0000 06 4000 0e10 0003 0003 ff 000c 0000 00840058 00140014 00160016 0042 00000068
 96  00000000 00 08 0000 0000 01800100 01800100 03000200 00000000 0000 19 0001 00000000 00000000 2000 0008 00000000 00002835 000013ac 0135 0000 04 4000 0e10 0003 0003 ff 000c 0000 00840058 00140014 00160016 0042 000002e5
 97  00000000 00 08 0000 0000 01800100 01800100 03000200 00000000 0000 19 0001 00000000 00000000 2000 0008 00000000 00002835 000013ac 0135 0000 05 4000 0e10 0003 0003 ff 000c 0000 00840058 00140014 00160016 0042 00000036
 98  00000000 00 08 0000 0000 01800100 01800100 03000200 00000000 0000 19 0001 00000000 00000000 2000 0008 00000000 00002835 000013ac 0135 0000 06 4000 0e10 0003 0003 ff 000c 0000 00840058 00140014 00160016 0042 00000068
 99  00000000 00 08 0000 0000 01800100 01800100 03000200 00000000 0000 19 0001 00000000 00000000 2000 0008 00000000 00002835 000013ac 0135 0000 04 4000 0e10 0003 0003 ff 000c 0000 00840058 00140014 00160016 0042 000002e5
100  00000000 00 08 0000 0000 01800100 01800100 03000200 00000000 0000 19 0001 00000000 00000000 2000 0008 00000000 00002835 000013ac 0135 0000 05 4000 0e10 0003 0003 ff 000c 0000 00840058 00140014 00160016 0042 00000036
101  00000000 00 08 0000 0000 01800100 01800100 03000200 00000000 0000 19 0001 00000000 00000000 2000 0008 00000000 00002835 000013ac 0135 0000 06 4000 0e10 0003 0003 ff 000c 0000 00840058 00140014 00160016 0042 00000067
102  00000000 00 08 0000 0000 01800100 01800100 03000200 00000000 0000 19 0001 00000000 00000000 2000 0008 00000000 00002835 000013ac 0135 0000 04 4000 0e10 0003 0003 ff 000c 0000 00840058 00140014 00160016 0042 000002e5
103  00000000 00 08 0000 0000 01800100 01800100 03000200 00000000 0000 19 0001 00000000 00000000 2000 0008 00000000 00002835 000013ac 0135 0000 05 4000 0e10 0003 0003 ff 000c 0000 00840058 00140014 00160016 0042 00000036
104  00000000 00 08 0000 0000 01800100 01800100 03000200 00000000 0000 19 0001 00000000 00000000 2000 0008 00000000 00002835 000013ac 0135 0000 06 4000 0e10 0003 0003 ff 000c 0000 00840058 00140014 00160016 0042 00000068
105  00000000 00 08 0000 0000 01800100 01800100 03000200 00000000 0000 19 0001 00000000 00000000 2000 0008 00000000 00002835 000013ac 0135 0000 04 4000 0e10 0003 0003 ff 000c 0000 00840058 00140014 00160016 0042 000002e5
106  00000000 00 08 0000 0000 01800100 01800100 03000200 00000000 0000 19 0001 00000000 00000000 2000 0008 00000000 00002835 000013ac 0135 0000 05 4000 0e10 0003 0003 ff 000c 0000 00840058 00140014 00160016 0042 00000036
107  00000000 00 08 0000 0000 01800100 01800100 03000200 00000000 0000 19 0001 00000000 00000000 2000 0008 00000000 00002835 000013ac 0135 0000 06 4000 0e10 0003 0003 ff 000c 0000 00840058 00140014 00160016 0042 00000068
108  00000000 00 08 0000 0000 01800100 01800100 03000200 00000000 0000 19 0001 00000000 00000000 2000 0008 00000000 00002835 000013ac 0135 0000 04 4000 0e10 0003 0003 ff 000c 0000 00840058 00140014 00160016 0042 000002e4
109  00000000 00 08 0000 0000 01800100 01800100 03000200 00000000 0000 19 0001 00000000 00000000 2000 0008 00000000 00002835 000013ac 0135 0000 05 4000 0e10 0003 0003 ff 000c 0000 00840058 00140014 00160016 0042 00000036
110  00000000 00 08 0000 0000 01800100 01800100 03000200 00000000 0000 19 0001 00000000 00000000 2000 0008 00000000 00002835 000013ac 0135 0000 06 4000 0e10 0003 0003 ff 000c 0000 00840058 00140014 00160016 0042 00000068
111  00000000 00 08 0000 0000 01800100 01800100 03000200 00000000 0000 19 0001 00000000 00000000 2000 0008 00000000 00002835 000013ac 0135 0000 04 4000 0e10 0003 0003 ff 000c 0000 00840058 00140014 00160016 0042 000002e5
112  00000000 00 08 0000 0000 01800100 01800100 03000200 00000000 0000 19 0001 00000000 00000000 2000 0008 00000000 00002835 000013ac 0135 0000 05 4000 0e10 0003 0003 ff 000c 0000 00840058 00140014 00160016 0042 00000036
113  00000000 00 08 0000 0000 01800100 01800100 03000200 00000000 0000 19 0001 00000000 00000000 2000 0008 00000000 00002835 000013ac 0135 0000 06 4000 0e10 0003 0003 ff 000c 0000 00840058 00140014 00160016 0042 00000068
114  00000000 00 08 0000 0000 01800100 01800100 03000200 00000000 0000 19 0001 00000000 00000000 2000 0008 00000000 00002835 000013ac 0135 0000 04 4000 0e10 0003 0003 ff 000c 0000 00840058 00140014 00160016 0042 000002e5
115  00000000 00 08 0000 0000 01800100 01800100 03000200 00000000 0000 19 0001 00000000 00000000 2000 0008 00000000 00002835 000013ac 0135 0000 05 4000 0e10 0003 0003 ff 000c 0000 00840058 00140014 00160016 0042 00000036
116  00000000 00 08 0000 0000 01800100 01800100 03000200 00000000 0000 19 0001 00000000 00000000 2000 0008 00000000 00002835 000013ac 0135 0000 06 4000 0e10 0003 0003 ff 000c 0000 00840058 00140014 00160016 0042 00000068
117  00000000 00 08 0000 0000 01800100 01800100 03000200 00000000 0000 19 0001 00000000 00000000 2000 0008 00000000 00002835 000013ac 0135 0000 04 4000 0e10 0003 0003 ff 000c 0000 00840058 00140014 00160016 0042 000002e4
118  00000000 00 08 0000 0000 01800100 01800100 03000200 00000000 0000 19 0001 00000000 00000000 2000 0008 00000000 00002835 000013ac 0135 0000 05 4000 0e10 0003 0003 ff 000c 0000 00840058 00140014 00160016 0042 00000036
119  00000000 00 08 0000 0000 01800100 01800100 03000200 00000000 0000 19 0001 00000000 00000000 2000 0008 00000000 00002835 000013ac 0135 0000 06 4000 0e10 0003 0003 ff 000c 0000 00840058 00140014 00160016 0042 00000068
120  00000000 00 08 0000 0000 01800100 01800100 03000200 00000000 0000 19 0001 00000000 00000000 2000 0008 00000000 00002835 000013ac 0135 0000 04 4000 0e10 0003 0003 ff 000c 0000 00840058 00140014 00160016 0042 000002e5
121  00000000 00 08 0000 0000 01800100 01800100 03000200 00000000 0000 19 0001 00000000 00000000 2000 0008 00000000 00002835 000013ac 0135 0000 05 4000 0e10 0003 0003 ff 000c 0000 00840058 00140014 00160016 0042 00000036
122  00000000 00 08 0000 0000 01800100 01800100 03000200 00000000 0000 19 0001 00000000 00000000 2000 0008 00000000 00002835 000013ac 0135 0000 06 4000 0e10 0003 0003 ff 000c 0000 00840058 00140014 00160016 0042 00000068
123  00000000 00 08 0000 0000 01800100 01800100 03000200 00000000 0000 19 0001 00000000 00000000 2000 0008 00000000 00002835 000013ac 0135 0000 04 4000 0e10 0003 0003 ff 000c 0000 00840058 00140014 00160016 0042 000002e5
124  00000000 00 08 0000 0000 01800100 01800100 03000200 00000000 0000 19 0001 00000000 00000000 2000 0008 00000000 00002835 000013ac 0135 0000 05 4000 0e10 0003 0003 ff 000c 0000 00840058 00140014 00160016 0042 00000035
125  00000000 00 08 0000 0000 01800100 01800100 03000200 00000000 0000 19 0001 00000000 00000000 2000 0008 00000000 00002835 000013ac 0135 0000 06 4000 0e10 0003 0003 ff 000c 0000 00840058 00140014 00160016 0042 00000068
126  00000000 00 08 0000 0000 01800100 01800100 03000200 00000000 0000 19 0001 00000000 00000000 2000 0008 00000000 00002835 000013ac 0135 0000 04 4000 0e10 0003 0003 ff 000c 0000 00840058 00140014 00160016 0042 000002e5
127  00000000 00 08 0000 0000 01800100 01800100 03000200 00000000 0000 19 0001 00000000 00000000 2000 0008 00000000 00002835 000013ac 0135 0000 05 4000 0e10 0003 0003 ff 000c 0000 00840058 00140014 00160016 0042 00000036
128  00000000 00 08 0000 0000 01800100 01800100 03000200 00000000 0000 19 0001 00000000 00000000 2000 0008 00000000 00002835 000013ac 0135 0000 06 4000 0e10 0003 0003 ff 000c 0000 00840058 00140014 00160016 0042 00000068
129  00000000 00 08 0000 0000 01800100 01800100 03000200 00000000 0000 19 0001 00000000 00000000 2000 0008 00000000 00002835 000013ac 0135 0000 04 4000 0e10 0003 0003 ff 000c 0000 00840058 00140014 00160016 0042 000002e5
130  00000000 00 08 0000 0000 01800100 01800100 03000200 00000000 0000 19 0001 00000000 00000000 2000 0008 00000000 00002835 000013ac 0135 0000 05 4000 0e10 0003 0003 ff 000c 0000 00840058 00140014 00160016 0042 00000036
131  00000000 00 08 0000 0000 01800100 01800100 03000200 00000000 0000 19 0001 00000000 00000000 2000 0008 00000000 00002835 000013ac 0135 0000 06 4000 0e10 0003 0003 ff 000c 0000 00840058 00140014 00160016 0042 00000068
132  00000000 00 08 0000 0000 01800100 01800100 03000200 00000000 0000 19 0001 00000000 00000000 2000 0008 00000000 00002835 000013ac 0135 0000 04 4000 0e10 0003 0003 ff 000c 0000 00840058 00140014 00160016 0042 000002e4
133  00000000 00 08 0000 0000 01800100 01800100 03000200 00000000 0000 19 0001 00000000 00000000 2000 0008 00000000 00002835 000013ac 0135 0000 05 4000 0e10 0003 0003 ff 000c 0000 00840058 00140014 00160016 0042 00000036
134  00000000 00 08 0000 0000 01800100 01800100 03000200 00000000 0000 19 0001 00000000 00000000 2000 0008 00000000 00002835 000013ac 0135 0000 06 4000 0e10 0003 0003 ff 000c 0000 00840058 00140014 00160016 0042 00000068
135  00000000 00 08 0000 0000 01800100 01800100 03000200 00000000 0000 19 0001 00000000 00000000 2000 0008 00000000 00002835 000013ac 0135 0000 04 4000 0e10 0003 0003 ff 000c 0000 00840058 00140014 00160016 0042 000002e5
136  00000000 00 08 0000 0000 01800100 01800100 03000200 00000000 0000 19 0001 00000000 00000000 2000 0008 00000000 00002835 000013ac 0135 0000 05 4000 0e10 0003 0003 ff 000c 0000 00840058 00140014 00160016 0042 00000036
137  00000000 00 08 0000 0000 01800100 01800100 03000200 00000000 0000 19 0001 00000000 00000000 2000 0008 00000000 00002835 000013ac 0135 0000 06 4000 0e10 0003 0003 ff 000c 0000 00840058 00140014 00160016 0042 00000068
138  00000000 00 08 0000 0000 01800100 01800100 03000200 00000000 0000 19 0001 00000000 00000000 2000 0008 00000000 00002835 000013ac 0135 0000 04 4000 0e10 0003 0003 ff 000c 0000 00840058 00140014 00160016 0042 000002e5
139  00000000 00 08 0000 0000 01800100 01800100 03000200 00000000 0000 19 0001 00000000 00000000 2000 0008 00000000 00002835 000013ac 0135 0000 05 4000 0e10 0003 0003 ff 000c 0000 00840058 00140014 00160016 0042 00000035
140  00000000 00 08 0000 0000 01800100 01800100 03000200 00000000 0000 19 0001 00000000 00000000 2000 0008 00000000 00002835 000013ac 0135 0000 06 4000 0e10 0003 0003 ff 000c 0000 00840058 00140014 00160016 0042 00000068
141  00000000 00 08 0000 0000 01800100 01800100 03000200 00000000 0000 19 0001 00000000 00000000 2000 0008 00000000 00002835 000013ac 0135 0000 04 4000 0e10 0003 0003 ff 000c 0000 00840058 00140014 00160016 0042 000002e5
142  00000000 00 08 0000 0000 01800100 01800100 03000200 00000000 0000 19 0001 00000000 00000000 2000 0008 00000000 00002835 000013ac 0135 0000 05 4000 0e10 0003 0003 ff 000c 0000 00840058 00140014 00160016 0042 00000036
143  00000000 00 08 0000 0000 01800100 01800100 03000200 00000000 0000 19 0001 00000000 00000000 2000 0008 00000000 00002835 000013ac 0135 0000 06 4000 0e10 0003 0003 ff 000c 0000 00840058 00140014 00160016 0042 00000068
144  00000000 00 08 0000 0000 01800100 01800100 03000200 00000000 0000 19 0001 00000000 00000000 2000 0008 00000000 00002835 000013ac 0135 0000 04 4000 0e10 0003 0003 ff 000c 0000 00840058 00140014 00160016 0042 000002e5
145  00000000 00 08 0000 0000 01800100 01800100 03000200 00000000 0000 19 0001 00000000 00000000 2000 0008 00000000 00002835 000013ac 0135 0000 05 4000 0e10 0003 0003 ff 000c 0000 00840058 00140014 00160016 0042 00000036
146  00000000 00 08 0000 0000 01800100 01800100 03000200 00000000 0000 19 0001 00000000 00000000 2000 0008 00000000 00002835 000013ac 0135 0000 06 4000 0e10 0003 0003 ff 000c 0000 00840058 00140014 00160016 0042 00000068
147  00000000 00 08 0000 0000 01800100 01800100 03000200 00000000 0000 19 0001 00000000 00000000 2000 0008 00000000 00002835 000013ac 0135 0000 04 4000 0e10 0003 0003 ff 000c 0000 00840058 00140014 00160016 0042 000002e4
148  00000000 00 08 0000 0000 01800100 01800100 03000200 00000000 0000 19 0001 00000000 00000000 2000 0008 00000000 00002835 000013ac 0135 0000 05 4000 0e10 0003 0003 ff 000c 0000 00840058 00140014 00160016 0042 00000036
149  00000000 00 08 0000 0000 01800100 01800100 03000200 00000000 0000 19 0001 00000000 00000000 2000 0008 00000000 00002835 000013ac 0135 0000 06 4000 0e10 0003 0003 ff 000c 0000 00840058 00140014 00160016 0042 00000068
150  00000000 00 08 0000 0000 01800100 01800100 03000200 00000000 0000 19 0001 00000000 00000000 2000 0008 00000000 00002835 000013ac 0135 0000 04 4000 0e10 0003 0003 ff 000c 0000 00840058 00140014 00160016 0042 000002e5
151  00000000 00 08 0000 0000 01800100 01800100 03000200 00000000 0000 19 0001 00000000 00000000 2000 0008 00000000 00002835 000013ac 0135 0000 05 4000 0e10 0003 0003 ff 000c 0000 00840058 00140014 00160016 0042 00000036
152  00000000 00 08 0000 0000 01800100 01800100 03000200 00000000 0000 19 0001 00000000 00000000 2000 0008 00000000 00002835 000013ac 0135 0000 06 4000 0e10 0003 0003 ff 000c 0000 00840058 00140014 00160016 0042 00000068
153  00000000 00 08 0000 0000 01800100 01800100 03000200 00000000 0000 19 0001 00000000 00000000 2000 0008 00000000 00002835 000013ac 0135 0000 04 4000 0e10 0003 0003 ff 000c 0000 00840058 00140014 00160016 0042 000002e5
154  00000000 00 08 0000 0000 01800100 01800100 03000200 00000000 0000 19 0001 00000000 00000000 2000 0008 00000000 00002835 000013ac 0135 0000 05 4000 0e10 0003 0003 ff 000c 0000 00840058 00140014 00160016 0042 00000036
155  00000000 00 08 0000 0000 01800100 01800100 03000200 00000000 0000 19 0001 00000000 00000000 2000 0008 00000000 00002835 000013ac 0135 0000 06 4000 0e10 0003 0003 ff 000c 0000 00840058 00140014 00160016 0042 00000068
156  00000000 00 08 0000 0000 01800100 01800100 03000200 00000000 0000 19 0001 00000000 00000000 2000 0008 00000000 00002835 000013ac 0135 0000 04 4000 0e10 0003 0003 ff 000c 0000 00840058 00140014 00160016 0042 000002e4
157  00000000 00 08 0000 0000 01800100 01800100 03000200 00000000 0000 19 0001 00000000 00000000 2000 0008 00000000 00002835 000013ac 0135 0000 05 4000 0e10 0003 0003 ff 000c 0000 00840058 00140014 00160016 0042 00000036
158  00000000 00 08 0000 0000 01800100 01800100 03000200 00000000 0000 19 0001 00000000 00000000 2000 0008 00000000 00002835 000013ac 0135 0000 06 4000 0e10 0003 0003 ff 000c 0000 00840058 00140014 00160016 0042 00000068
159  00000000 00 08 0000 0000 01800100 01800100 03000200 00000000 0000 19 0001 00000000 00000000 2000 0008 00000000 00002835 000013ac 0135 0000 04 4000 0e10 0003 0003 ff 000c 0000 00840058 00140014 00160016 0042 000002e5
160  00000000 00 08 0000 0000 01800100 01800100 03000200 00000000 0000 19 0001 00000000 00000000 2000 0008 00000000 00002835 000013ac 0135 0000 05 4000 0e10 0003 0003 ff 000c 0000 00840058 00140014 00160016 0042 00000036
161  00000000 00 08 0000 0000 01800100 01800100 03000200 00000000 0000 19 0001 00000000 00000000 2000 0008 00000000 00002835 000013ac 0135 0000 06 4000 0e10 0003 0003 ff 000c 0000 00840058 00140014 00160016 0042 00000068
162  00000000 00 08 0000 0000 01800100 01800100 03000200 00000000 0000 19 0001 00000000 00000000 2000 0008 00000000 00002835 000013ac 0135 0000 04 4000 0e10 0003 0003 ff 000c 0000 00840058 00140014 00160016 0042 000002e4
163  00000000 00 08 0000 0000 01800100 01800100 03000200 00000000 0000 19 0001 00000000 00000000 2000 0008 00000000 00002835 000013ac 0135 0000 05 4000 0e10 0003 0003 ff 000c 0000 00840058 00140014 00160016 0042 00000036
164  00000000 00 08 0000 0000 01800100 01800100 03000200 00000000 0000 19 0001 00000000 00000000 2000 0008 00000000 00002835 000013ac 0135 0000 06 4000 0e10 0003 0003 ff 000c 0000 00840058 00140014 00160016 0042 00000068
165  00000000 00 08 0000 0000 01800100 01800100 03000200 00000000 0000 19 0001 00000000 00000000 2000 0008 00000000 00002835 000013ac 0135 0000 04 4000 0e10 0003 0003 ff 000c 0000 00840058 00140014 00160016 0042 000002e5
166  00000000 00 08 0000 0000 01800100 01800100 03000200 00000000 0000 19 0001 00000000 00000000 2000 0008 00000000 00002835 000013ac 0135 0000 05 4000 0e10 0003 0003 ff 000c 0000 00840058 00140014 00160016 0042 00000036
167  00000000 00 08 0000 0000 01800100 01800100 03000200 00000000 0000 19 0001 00000000 00000000 2000 0008 00000000 00002835 000013ac 0135 0000 06 4000 0e10 0003 0003 ff 000c 0000 00840058 00140014 00160016 0042 00000068
168  00000000 00 08 0000 0000 01800100 01800100 03000200 00000000 0000 19 0001 00000000 00000000 2000 0008 00000000 00002835 000013ac 0135 0000 04 4000 0e10 0003 0003 ff 000c 0000 00840058 00140014 00160016 0042 000002e5
169  00000000 00 08 0000 0000 01800100 01800100 03000200 00000000 0000 19 0001 00000000 00000000 2000 0008 00000000 00002835 000013ac 0135 0000 05 4000 0e10 0003 0003 ff 000c 0000 00840058 00140014 00160016 0042 00000036
170  00000000 00 08 0000 0000 01800100 01800100 03000200 00000000 0000 19 0001 00000000 00000000 2000 0008 00000000 00002835 000013ac 0135 0000 06 4000 0e10 0003 0003 ff 000c 0000 00840058 00140014 00160016 0042 00000068
171  00000000 00 08 0000 0000 01800100 01800100 03000200 00000000 0000 19 0001 00000000 00000000 2000 0008 00000000 00002835 000013ac 0135 0000 04 4000 0e10 0003 0003 ff 000c 0000 00840058 00140014 00160016 0042 000002e4
172  00000000 00 08 0000 0000 01800100 01800100 03000200 00000000 0000 19 0001 00000000 00000000 2000 0008 00000000 00002835 000013ac 0135 0000 05 4000 0e10 0003 0003 ff 000c 0000 00840058 00140014 00160016 0042 00000036
173  00000000 00 08 0000 0000 01800100 01800100 03000200 00000000 0000 19 0001 00000000 00000000 2000 0008 00000000 00002835 000013ac 0135 0000 06 4000 0e10 0003 0003 ff 000c 0000 00840058 00140014 00160016 0042 00000068
174  00000000 00 08 0000 0000 01800100 01800100 03000200 00000000 0000 19 0001 00000000 00000000 2000 0008 00000000 00002835 000013ac 0135 0000 04 4000 0e10 0003 0003 ff 000c 0000 00840058 00140014 00160016 0042 000002e5
175  00000000 00 08 0000 0000 01800100 01800100 03000200 00000000 0000 19 0001 00000000 00000000 2000 0008 00000000 00002835 000013ac 0135 0000 05 4000 0e10 0003 0003 ff 000c 0000 00840058 00140014 00160016 0042 00000036
176  00000000 00 08 0000 0000 01800100 01800100 03000200 00000000 0000 19 0001 00000000 00000000 2000 0008 00000000 00002835 000013ac 0135 0000 06 4000 0e10 0003 0003 ff 000c 0000 00840058 00140014 00160016 0042 00000068
177  00000000 00 08 0000 0000 01800100 01800100 03000200 00000000 0000 19 0001 00000000 00000000 2000 0008 00000000 00002835 000013ac 0135 0000 04 4000 0e10 0003 0003 ff 000c 0000 00840058 00140014 00160016 0042 000002e5
178  00000000 00 08 0000 0000 01800100 01800100 03000200 00000000 0000 19 0001 00000000 00000000 2000 0008 00000000 00002835 000013ac 0135 0000 05 4000 0e10 0003 0003 ff 000c 0000 00840058 00140014 00160016 0042 00000035
179  00000000 00 08 0000 0000 01800100 01800100 03000200 00000000 0000 19 0001 00000000 00000000 2000 0008 00000000 00002835 000013ac 0135 0000 06 4000 0e10 0003 0003 ff 000c 0000 00840058 00140014 00160016 0042 00000068
180  00000000 00 08 0000 0000 01800100 01800100 03000200 00000000 0000 19 0001 00000000 00000000 2000 0008 00000000 00002835 000013ac 0135 0000 04 4000 0e10 0003 0003 ff 000c 0000 00840058 00140014 00160016 0042 000002e5
181  00000000 00 08 0000 0000 01800100 01800100 03000200 00000000 0000 19 0001 00000000 00000000 2000 0008 00000000 00002835 000013ac 0135 0000 05 4000 0e10 0003 0003 ff 000c 0000 00840058 00140014 00160016 0042 00000036
182  00000000 00 08 0000 0000 01800100 01800100 03000200 00000000 0000 19 0001 00000000 00000000 2000 0008 00000000 00002835 000013ac 0135 0000 06 4000 0e10 0003 0003 ff 000c 0000 00840058 00140014 00160016 0042 00000068
183  00000000 00 08 0000 0000 01800100 01800100 03000200 00000000 0000 19 0001 00000000 00000000 2000 0008 00000000 00002835 000013ac 0135 0000 04 4000 0e10 0003 0003 ff 000c 0000 00840058 00140014 00160016 0042 000002e5
184  00000000 00 08 0000 0000 01800100 01800100 03000200 00000000 0000 19 0001 00000000 00000000 2000 0008 00000000 00002835 000013ac 0135 0000 05 4000 0e10 0003 0003 ff 000c 0000 00840058 00140014 00160016 0042 00000036
185  00000000 00 08 0000 0000 01800100 01800100 03000200 00000000 0000 19 0001 00000000 00000000 2000 0008 00000000 00002835 000013ac 0135 0000 06 4000 0e10 0003 0003 ff 000c 0000 00840058 00140014 00160016 0042 00000068
186  00000000 00 08 0000 0000 01800100 01800100 03000200 00000000 0000 19 0001 00000000 00000000 2000 0008 00000000 00002835 000013ac 0135 0000 04 4000 0e10 0003 0003 ff 000c 0000 00840058 00140014 00160016 0042 000002e4
187  00000000 00 08 0000 0000 01800100 01800100 03000200 00000000 0000 19 0001 00000000 00000000 2000 0008 00000000 00002835 000013ac 0135 0000 05 4000 0e10 0003 0003 ff 000c 0000 00840058 00140014 00160016 0042 00000036
188  00000000 00 08 0000 0000 01800100 01800100 03000200 00000000 0000 19 0001 00000000 00000000 2000 0008 00000000 00002835 000013ac 0135 0000 06 4000 0e10 0003 0003 ff 000c 0000 00840058 00140014 00160016 0042 00000068
189  00000000 00 08 0000 0000 01800100 01800100 03000200 00000000 0000 19 0001 00000000 00000000 2000 0008 00000000 00002835 000013ac 0135 0000 04 4000 0e10 0003 0003 ff 000c 0000 00840058 00140014 00160016 0042 000002e5
190  00000000 00 08 0000 0000 01800100 01800100 03000200 00000000 0000 19 0001 00000000 00000000 2000 0008 00000000 00002835 000013ac 0135 0000 05 4000 0e10 0003 0003 ff 000c 0000 00840058 00140014 00160016 0042 00000036
191  00000000 00 08 0000 0000 01800100 01800100 03000200 00000000 0000 19 0001 00000000 00000000 2000 0008 00000000 00002835 000013ac 0135 0000 06 4000 0e10 0003 0003 ff 000c 0000 00840058 00140014 00160016 0042 00000068
192  00000000 00 08 0000 0000 01800100 01800100 03000200 00000000 0000 19 0001 00000000 00000000 2000 0008 00000000 00002835 000013ac 0135 0000 04 4000 0e10 0003 0003 ff 000c 0000 00840058 00140014 00160016 0042 000002e5
193  00000000 00 08 0000 0000 01800100 01800100 03000200 00000000 0000 19 0001 00000000 00000000 2000 0008 00000000 00002835 000013ac 0135 0000 05 4000 0e10 0003 0003 ff 000c 0000 00840058 00140014 00160016 0042 00000036
194  00000000 00 08 0000 0000 01800100 01800100 03000200 00000000 0000 19 0001 00000000 00000000 2000 0008 00000000 00002835 000013ac 0135 0000 06 4000 0e10 0003 0003 ff 000c 0000 00840058 00140014 00160016 0042 00000067
195  00000000 00 08 0000 0000 01800100 01800100 03000200 00000000 0000 19 0001 00000000 00000000 2000 0008 00000000 00002835 000013ac 0135 0000 04 4000 0e10 0003 0003 ff 000c 0000 00840058 00140014 00160016 0042 000002e5
196  00000000 00 08 0000 0000 01800100 01800100 03000200 00000000 0000 19 0001 00000000 00000000 2000 0008 00000000 00002835 000013ac 0135 0000 05 4000 0e10 0003 0003 ff 000c 0000 00840058 00140014 00160016 0042 00000036
197  00000000 00 08 0000 0000 01800100 01800100 03000200 00000000 0000 19 0001 00000000 00000000 2000 0008 00000000 00002835 000013ac 0135 0000 06 4000 0e10 0003 0003 ff 000c 0000 00840058 00140014 00160016 0042 00000068
198  00000000 00 08 0000 0000 01800100 01800100 03000200 00000000 0000 19 0001 00000000 00000000 2000 0008 00000000 00002835 000013ac 0135 0000 04 4000 0e10 0003 0003 ff 000c 0000 00840058 00140014 00160016 0042 000002e5
199  00000000 00 08 0000 0000 01800100 01800100 03000200 00000000 0000 19 0001 00000000 00000000 2000 0008 00000000 00002835 000013ac 0135 0000 05 4000 0e10 0003 0003 ff 000c 0000 00840058 00140014 00160016 0042 00000036
200  00000000 00 08 0000 0000 01800100 01800100 03000200 00000000 0000 19 0001 00000000 00000000 2000 0008 00000000 00002835 000013ac 0135 0000 06 4000 0e10 0003 0003 ff 000c 0000 00840058 00140014 00160016 0042 00000068
201  00000000 00 08 0000 0000 01800100 01800100 03000200 00000000 0000 19 0001 00000000 00000000 2000 0008 00000000 00002835 000013ac 0135 0000 04 4000 0e10 0003 0003 ff 000c 0000 00840058 00140014 00160016 0042 000002e4
202  00000000 00 08 0000 0000 01800100 01800100 03000200 00000000 0000 19 0001 00000000 00000000 2000 0008 00000000 00002835 000013ac 0135 0000 05 4000 0e10 0003 0003 ff 000c 0000 00840058 00140014 00160016 0042 00000036
203  00000000 00 08 0000 0000 01800100 01800100 03000200 00000000 0000 19 0001 00000000 00000000 2000 0008 00000000 00002835 000013ac 0135 0000 06 4000 0e10 0003 0003 ff 000c 0000 00840058 00140014 00160016 0042 00000068
204  00000000 00 08 0000 0000 01800100 01800100 03000200 00000000 0000 19 0001 00000000 00000000 2000 0008 00000000 00002835 000013ac 0135 0000 04 4000 0e10 0003 0003 ff 000c 0000 00840058 00140014 00160016 0042 000002e5
205  00000000 00 08 0000 0000 01800100 01800100 03000200 00000000 0000 19 0001 00000000 00000000 2000 0008 00000000 00002835 000013ac 0135 0000 05 4000 0e10 0003 0003 ff 000c 0000 00840058 00140014 00160016 0042 00000036
206  00000000 00 08 0000 0000 01800100 01800100 03000200 00000000 0000 19 0001 00000000 00000000 2000 0008 00000000 00002835 000013ac 0135 0000 06 4000 0e10 0003 0003 ff 000c 0000 00840058 00140014 00160016 0042 00000068
207  00000000 00 08 0000 0000 01800100 01800100 03000200 00000000 0000 19 0001 00000000 00000000 2000 0008 00000000 00002835 000013ac 0135 0000 04 4000 0e10 0003 0003 ff 000c 0000 00840058 00140014 00160016 0042 000002e5
208  00000000 00 08 0000 0000 01800100 01800100 03000200 00000000 0000 19 0001 00000000 00000000 2000 0008 00000000 00002835 000013ac 0135 0000 05 4000 0e10 0003 0003 ff 000c 0000 00840058 00140014 00160016 0042 00000036
209  00000000 00 08 0000 0000 01800100 01800100 03000200 00000000 0000 19 0001 00000000 00000000 2000 0008 00000000 00002835 000013ac 0135 0000 06 4000 0e10 0003 0003 ff 000c 0000 00840058 00140014 00160016 0042 00000068
210  00000000 00 08 0000 0000 01800100 01800100 03000200 00000000 0000 19 0001 00000000 00000000 2000 0008 00000000 00002835 000013ac 0135 0000 04 4000 0e10 0003 0003 ff 000c 0000 00840058 00140014 00160016 0042 000002e4
211  00000000 00 08 0000 0000 01800100 01800100 03000200 00000000 0000 19 0001 00000000 00000000 2000 0008 00000000 00002835 000013ac 0135 0000 05 4000 0e10 0003 0003 ff 000c 0000 00840058 00140014 00160016 0042 00000036
212  00000000 00 08 0000 0000 01800100 01800100 03000200 00000000 0000 19 0001 00000000 00000000 2000 0008 00000000 00002835 000013ac 0135 0000 06 4000 0e10 0003 0003 ff 000c 0000 00840058 00140014 00160016 0042 00000068
213  00000000 00 08 0000 0000 01800100 01800100 03000200 00000000 0000 19 0001 00000000 00000000 2000 0008 00000000 00002835 000013ac 0135 0000 04 4000 0e10 0003 0003 ff 000c 0000 00840058 00140014 00160016 0042 000002e5
214  00000000 00 08 0000 0000 01800100 01800100 03000200 00000000 0000 19 0001 00000000 00000000 2000 0008 00000000 00002835 000013ac 0135 0000 05 4000 0e10 0003 0003 ff 000c 0000 00840058 00140014 00160016 0042 00000036
215  00000000 00 08 0000 0000 01800100 01800100 03000200 00000000 0000 19 0001 00000000 00000000 2000 0008 00000000 00002835 000013ac 0135 0000 06 4000 0e10 0003 0003 ff 000c 0000 00840058 00140014 00160016 0042 00000068
216  00000000 00 08 0000 0000 01800100 01800100 03000200 00000000 0000 19 0001 00000000 00000000 2000 0008 00000000 00002835 000013ac 0135 0000 04 4000 0e10 0003 0003 ff 000c 0000 00840058 00140014 00160016 0042 000002e4
217  00000000 00 08 0000 0000 01800100 01800100 03000200 00000000 0000 19 0001 00000000 00000000 2000 0008 00000000 00002835 000013ac 0135 0000 05 4000 0e10 0003 0003 ff 000c 0000 00840058 00140014 00160016 0042 00000036
218  00000000 00 08 0000 0000 01800100 01800100 03000200 00000000 0000 19 0001 00000000 00000000 2000 0008 00000000 00002835 000013ac 0135 0000 06 4000 0e10 0003 0003 ff 000c 0000 00840058 00140014 00160016 0042 00000068
219  00000000 00 08 0000 0000 01800100 01800100 03000200 00000000 0000 19 0001 00000000 00000000 2000 0008 00000000 00002835 000013ac 0135 0000 04 4000 0e10 0003 0003 ff 000c 0000 00840058 00140014 00160016 0042 000002e5
220  00000000 00 08 0000 0000 01800100 01800100 03000200 00000000 0000 19 0001 00000000 00000000 2000 0008 00000000 00002835 000013ac 0135 0000 05 4000 0e10 0003 0003 ff 000c 0000 00840058 00140014 00160016 0042 00000036
221  00000000 00 08 0000 0000 01800100 01800100 03000200 00000000 0000 19 0001 00000000 00000000 2000 0008 00000000 00002835 000013ac 0135 0000 06 4000 0e10 0003 0003 ff 000c 0000 00840058 00140014 00160016 0042 00000068
222  00000000 00 08 0000 0000 01800100 01800100 03000200 00000000 0000 19 0001 00000000 00000000 2000 0008 00000000 00002835 000013ac 0135 0000 04 4000 0e10 0003 0003 ff 000c 0000 00840058 00140014 00160016 0042 000002e5
223  00000000 00 08 0000 0000 01800100 01800100 03000200 00000000 0000 19 0001 00000000 00000000 2000 0008 00000000 00002835 000013ac 0135 0000 05 4000 0e10 0003 0003 ff 000c 0000 00840058 00140014 00160016 0042 00000036
224  00000000 00 08 0000 0000 01800100 01800100 03000200 00000000 0000 19 0001 00000000 00000000 2000 0008 00000000 00002835 000013ac 0135 0000 06 4000 0e10 0003 0003 ff 000c 0000 00840058 00140014 00160016 0042 00000068
225  00000000 00 08 0000 0000 01800100 01800100 03000200 00000000 0000 19 0001 00000000 00000000 2000 0008 00000000 00002835 000013ac 0135 0000 04 4000 0e10 0003 0003 ff 000c 0000 00840058 00140014 00160016 0042 000002e4
226  00000000 00 08 0000 0000 01800100 01800100 03000200 00000000 0000 19 0001 00000000 00000000 2000 0008 00000000 00002835 000013ac 0135 0000 05 4000 0e10 0003 0003 ff 000c 0000 00840058 00140014 00160016 0042 00000036
227  00000000 00 08 0000 0000 01800100 01800100 03000200 00000000 0000 19 0001 00000000 00000000 2000 0008 00000000 00002835 000013ac 0135 0000 06 4000 0e10 0003 0003 ff 000c 0000 00840058 00140014 00160016 0042 00000068
228  00000000 00 08 0000 0000 01800100 01800100 03000200 00000000 0000 19 0001 00000000 00000000 2000 0008 00000000 00002835 000013ac 0135 0000 04 4000 0e10 0003 0003 ff 000c 0000 00840058 00140014 00160016 0042 000002e5
229  00000000 00 08 0000 0000 01800100 01800100 03000200 00000000 0000 19 0001 00000000 00000000 2000 0008 00000000 00002835 000013ac 0135 0000 05 4000 0e10 0003 0003 ff 000c 0000 00840058 00140014 00160016 0042 00000036
230  00000000 00 08 0000 0000 01800100 01800100 03000200 00000000 0000 19 0001 00000000 00000000 2000 0008 00000000 00002835 000013ac 0135 0000 06 4000 0e10 0003 0003 ff 000c 0000 00840058 00140014 00160016 0042 00000068
231  00000000 00 08 0000 0000 01800100 01800100 03000200 00000000 0000 19 0001 00000000 00000000 2000 0008 00000000 00002835 000013ac 0135 0000 04 4000 0e10 0003 0003 ff 000c 0000 00840058 00140014 00160016 0042 000002e5
232  00000000 00 08 0000 0000 01800100 01800100 03000200 00000000 0000 19 0001 00000000 00000000 2000 0008 00000000 00002835 000013ac 0135 0000 05 4000 0e10 0003 0003 ff 000c 0000 00840058 00140014 00160016 0042 00000035
233  00000000 00 08 0000 0000 01800100 01800100 03000200 00000000 0000 19 0001 00000000 00000000 2000 0008 00000000 00002835 000013ac 0135 0000 06 4000 0e10 0003 0003 ff 000c 0000 00840058 00140014 00160016 0042 00000068
234  00000000 00 08 0000 0000 01800100 01800100 03000200 00000000 0000 19 0001 00000000 00000000 2000 0008 00000000 00002835 000013ac 0135 0000 04 4000 0e10 0003 0003 ff 000c 0000 00840058 00140014 00160016 0042 000002e5
235  00000000 00 08 0000 0000 01800100 01800100 03000200 00000000 0000 19 0001 00000000 00000000 2000 0008 00000000 00002835 000013ac 0135 0000 05 4000 0e10 0003 0003 ff 000c 0000 00840058 00140014 00160016 0042 00000036
236  00000000 00 08 0000 0000 01800100 01800100 03000200 00000000 0000 19 0001 00000000 00000000 2000 0008 00000000 00002835 000013ac 0135 0000 06 4000 0e10 0003 0003 ff 000c 0000 00840058 00140014 00160016 0042 00000068
237  00000000 00 08 0000 0000 01800100 01800100 03000200 00000000 0000 19 0001 00000000 00000000 2000 0008 00000000 00002835 000013ac 0135 0000 04 4000 0e10 0003 0003 ff 000c 0000 00840058 00140014 00160016 0042 000002e5
238  00000000 00 08 0000 0000 01800100 01800100 03000200 00000000 0000 19 0001 00000000 00000000 2000 0008 00000000 00002835 000013ac 0135 0000 05 4000 0e10 0003 0003 ff 000c 0000 00840058 00140014 00160016 0042 00000036
239  00000000 00 08 0000 0000 01800100 01800100 03000200 00000000 0000 19 0001 00000000 00000000 2000 0008 00000000 00002835 000013ac 0135 0000 06 4000 0e10 0003 0003 ff 000c 0000 00840058 00140014 00160016 0042 00000068
240  00000000 00 08 0000 0000 01800100 01800100 03000200 00000000 0000 19 0001 00000000 00000000 2000 0008 00000000 00002835 000013ac 0135 0000 04 4000 0e10 0003 0003 ff 000c 0000 00840058 00140014 00160016 0042 000002e4
241  00000000 00 08 0000 0000 01800100 01800100 03000200 00000000 0000 19 0001 00000000 00000000 2000 0008 00000000 00002835 000013ac 0135 0000 05 4000 0e10 0003 0003 ff 000c 0000 00840058 00140014 00160016 0042 00000036
242  00000000 00 08 0000 0000 01800100 01800100 03000200 00000000 0000 19 0001 00000000 00000000 2000 0008 00000000 00002835 000013ac 0135 0000 06 4000 0e10 0003 0003 ff 000c 0000 00840058 00140014 00160016 0042 00000068
243  00000000 00 08 0000 0000 01800100 01800100 03000200 00000000 0000 19 0001 00000000 00000000 2000 0008 00000000 00002835 000013ac 0135 0000 04 4000 0e10 0003 0003 ff 000c 0000 00840058 00140014 00160016 0042 000002e5
244  00000000 00 08 0000 0000 01800100 01800100 03000200 00000000 0000 19 0001 00000000 00000000 2000 0008 00000000 00002835 000013ac 0135 0000 05 4000 0e10 0003 0003 ff 000c 0000 00840058 00140014 00160016 0042 00000036
245  00000000 00 08 0000 0000 01800100 01800100 03000200 00000000 0000 19 0001 00000000 00000000 2000 0008 00000000 00002835 000013ac 0135 0000 06 4000 0e10 0003 0003 ff 000c 0000 00840058 00140014 00160016 0042 00000068
246  00000000 00 08 0000 0000 01800100 01800100 03000200 00000000 0000 19 0001 00000000 00000000 2000 0008 00000000 00002835 000013ac 0135 0000 04 4000 0e10 0003 0003 ff 000c 0000 00840058 00140014 00160016 0042 000002e5
247  00000000 00 08 0000 0000 01800100 01800100 03000200 00000000 0000 19 0001 00000000 00000000 2000 0008 00000000 00002835 000013ac 0135 0000 05 4000 0e10 0003 0003 ff 000c 0000 00840058 00140014 00160016 0042 00000036
248  00000000 00 08 0000 0000 01800100 01800100 03000200 00000000 0000 19 0001 00000000 00000000 2000 0008 00000000 00002835 000013ac 0135 0000 06 4000 0e10 0003 0003 ff 000c 0000 00840058 00140014 00160016 0042 00000067
249  00000000 00 08 0000 0000 01800100 01800100 03000200 00000000 0000 19 0001 00000000 00000000 2000 0008 00000000 00002835 000013ac 0135 0000 04 4000 0e10 0003 0003 ff 000c 0000 00840058 00140014 00160016 0042 000002e5
250  00000000 00 08 0000 0000 01800100 01800100 03000200 00000000 0000 19 0001 00000000 00000000 2000 0008 00000000 00002835 000013ac 0135 0000 05 4000 0e10 0003 0003 ff 000c 0000 00840058 00140014 00160016 0042 00000036
251  00000000 00 08 0000 0000 01800100 01800100 03000200 00000000 0000 19 0001 00000000 00000000 2000 0008 00000000 00002835 000013ac 0135 0000 06 4000 0e10 0003 0003 ff 000c 0000 00840058 00140014 00160016 0042 00000068
252  00000000 00 08 0000 0000 01800100 01800100 03000200 00000000 0000 19 0001 00000000 00000000 2000 0008 00000000 00002835 000013ac 0135 0000 04 4000 0e10 0003 0003 ff 000c 0000 00840058 00140014 00160016 0042 000002e5
253  00000000 00 08 0000 0000 01800100 01800100 03000200 00000000 0000 19 0001 00000000 00000000 2000 0008 00000000 00002835 000013ac 0135 0000 05 4000 0e10 0003 0003 ff 000c 0000 00840058 00140014 00160016 0042 00000036
254  00000000 00 08 0000 0000 01800100 01800100 03000200 00000000 0000 19 0001 00000000 00000000 2000 0008 00000000 00002835 000013ac 0135 0000 06 4000 0e10 0003 0003 ff 000c 0000 00840058 00140014 00160016 0042 00000068
255  00000000 00 08 0000 0000 01800100 01800100 03000200 00000000 0000 19 0001 00000000 00000000 2000 0008 00000000 00002835 000013ac 0135 0000 04 4000 0e10 0003 0003 ff 000c 0000 00840058 00140014 00160016 0042 000002e4
256  00000000 00 08 0000 0000 01800100 01800100 03000200 00000000 0000 19 0001 00000000 00000000 2000 0008 00000000 00002835 000013ac 0135 0000 05 4000 0e10 0003 0003 ff 000c 0000 00840058 00140014 00160016 0042 00000036
257  00000000 00 08 0000 0000 01800100 01800100 03000200 00000000 0000 19 0001 00000000 00000000 2000 0008 00000000 00002835 000013ac 0135 0000 06 4000 0e10 0003 0003 ff 000c 0000 00840058 00140014 00160016 0042 00000068
258  00000000 00 08 0000 0000 01800100 01800100 03000200 00000000 0000 19 0001 00000000 00000000 2000 0008 00000000 00002835 000013ac 0135 0000 04 4000 0e10 0003 0003 ff 000c 0000 00840058 00140014 00160016 0042 000002e5
259  00000000 00 08 0000 0000 01800100 01800100 03000200 00000000 0000 19 0001 00000000 00000000 2000 0008 00000000 00002835 000013ac 0135 0000 05 4000 0e10 0003 0003 ff 000c 0000 00840058 00140014 00160016 0042 00000036
260  00000000 00 08 0000 0000 01800100 01800100 03000200 00000000 0000 19 0001 00000000 00000000 2000 0008 00000000 00002835 000013ac 0135 0000 06 4000 0e10 0003 0003 ff 000c 0000 00840058 00140014 00160016 0042 00000068
261  00000000 00 08 0000 0000 01800100 01800100 03000200 00000000 0000 19 0001 00000000 00000000 2000 0008 00000000 00002835 000013ac 0135 0000 04 4000 0e10 0003 0003 ff 000c 0000 00840058 00140014 00160016 0042 000002e5
262  00000000 00 08 0000 0000 01800100 01800100 03000200 00000000 0000 19 0001 00000000 00000000 2000 0008 00000000 00002835 000013ac 0135 0000 05 4000 0e10 0003 0003 ff 000c 0000 00840058 00140014 00160016 0042 00000036
263  00000000 00 08 0000 0000 01800100 01800100 03000200 00000000 0000 19 0001 00000000 00000000 2000 0008 00000000 00002835 000013ac 0135 0000 06 4000 0e10 0003 0003 ff 000c 0000 00840058 00140014 00160016 0042 00000068
264  00000000 00 08 0000 0000 01800100 01800100 03000200 00000000 0000 19 0001 00000000 00000000 2000 0008 00000000 00002835 000013ac 0135 0000 04 4000 0e10 0003 0003 ff 000c 0000 00840058 00140014 00160016 0042 000002e4
265  00000000 00 08 0000 0000 01800100 01800100 03000200 00000000 0000 19 0001 00000000 00000000 2000 0008 00000000 00002835 000013ac 0135 0000 05 4000 0e10 0003 0003 ff 000c 0000 00840058 00140014 00160016 0042 00000036
266  00000000 00 08 0000 0000 01800100 01800100 03000200 00000000 0000 19 0001 00000000 00000000 2000 0008 00000000 00002835 000013ac 0135 0000 06 4000 0e10 0003 0003 ff 000c 0000 00840058 00140014 00160016 0042 00000068
267  00000000 00 08 0000 0000 01800100 01800100 03000200 00000000 0000 19 0001 00000000 00000000 2000 0008 00000000 00002835 000013ac 0135 0000 04 4000 0e10 0003 0003 ff 000c 0000 00840058 00140014 00160016 0042 000002e5
268  00000000 00 08 0000 0000 01800100 01800100 03000200 00000000 0000 19 0001 00000000 00000000 2000 0008 00000000 00002835 000013ac 0135 0000 05 4000 0e10 0003 0003 ff 000c 0000 00840058 00140014 00160016 0042 00000036
269  00000000 00 08 0000 0000 01800100 01800100 03000200 00000000 0000 19 0001 00000000 00000000 2000 0008 00000000 00002835 000013ac 0135 0000 06 4000 0e10 0003 0003 ff 000c 0000 00840058 00140014 00160016 0042 00000068
270  00000000 00 08 0000 0000 01800100 01800100 03000200 00000000 0000 19 0001 00000000 00000000 2000 0008 00000000 00002835 000013ac 0135 0000 04 4000 0e10 0003 0003 ff 000c 0000 00840058 00140014 00160016 0042 000002e5
271  00000000 00 08 0000 0000 01800100 01800100 03000200 00000000 0000 19 0001 00000000 00000000 2000 0008 00000000 00002835 000013ac 0135 0000 05 4000 0e10 0003 0003 ff 000c 0000 00840058 00140014 00160016 0042 00000035
272  00000000 00 08 0000 0000 01800100 01800100 03000200 00000000 0000 19 0001 00000000 00000000 2000 0008 00000000 00002835 000013ac 0135 0000 06 4000 0e10 0003 0003 ff 000c 0000 00840058 00140014 00160016 0042 00000068
273  00000000 00 08 0000 0000 01800100 01800100 03000200 00000000 0000 19 0001 00000000 00000000 2000 0008 00000000 00002835 000013ac 0135 0000 04 4000 0e10 0003 0003 ff 000c 0000 00840058 00140014 00160016 0042 000002e5
274  00000000 00 08 0000 0000 01800100 01800100 03000200 00000000 0000 19 0001 00000000 00000000 2000 0008 00000000 00002835 000013ac 0135 0000 05 4000 0e10 0003 0003 ff 000c 0000 00840058 00140014 00160016 0042 00000036
275  00000000 00 08 0000 0000 01800100 01800100 03000200 00000000 0000 19 0001 00000000 00000000 2000 0008 00000000 00002835 000013ac 0135 0000 06 4000 0e10 0003 0003 ff 000c 0000 00840058 00140014 00160016 0042 00000068
276  00000000 00 08 0000 0000 01800100 01800100 03000200 00000000 0000 19 0001 00000000 00000000 2000 0008 00000000 00002835 000013ac 0135 0000 04 4000 0e10 0003 0003 ff 000c 0000 00840058 00140014 00160016 0042 000002e5
277  00000000 00 08 0000 0000 01800100 01800100 03000200 00000000 0000 19 0001 00000000 00000000 2000 0008 00000000 00002835 000013ac 0135 0000 05 4000 0e10 0003 0003 ff 000c 0000 00840058 00140014 00160016 0042 00000036
278  00000000 00 08 0000 0000 01800100 01800100 03000200 00000000 0000 19 0001 00000000 00000000 2000 0008 00000000 00002835 000013ac 0135 0000 06 4000 0e10 0003 0003 ff 000c 0000 00840058 00140014 00160016 0042 00000068
279  00000000 00 08 0000 0000 01800100 01800100 03000200 00000000 0000 19 0001 00000000 00000000 2000 0008 00000000 00002835 000013ac 0135 0000 04 4000 0e10 0003 0003 ff 000c 0000 00840058 00140014 00160016 0042 000002e4
280  00000000 00 08 0000 0000 01800100 01800100 03000200 00000000 0000 19 0001 00000000 00000000 2000 0008 00000000 00002835 000013ac 0135 0000 05 4000 0e10 0003 0003 ff 000c 0000 00840058 00140014 00160016 0042 00000036
281  00000000 00 08 0000 0000 01800100 01800100 03000200 00000000 0000 19 0001 00000000 00000000 2000 0008 00000000 00002835 000013ac 0135 0000 06 4000 0e10 0003 0003 ff 000c 0000 00840058 00140014 00160016 0042 00000068
282  00000000 00 08 0000 0000 01800100 01800100 03000200 00000000 0000 19 0001 00000000 00000000 2000 0008 00000000 00002835 000013ac 0135 0000 04 4000 0e10 0003 0003 ff 000c 0000 00840058 00140014 00160016 0042 000002e5
283  00000000 00 08 0000 0000 01800100 01800100 03000200 00000000 0000 19 0001 00000000 00000000 2000 0008 00000000 00002835 000013ac 0135 0000 05 4000 0e10 0003 0003 ff 000c 0000 00840058 00140014 00160016 0042 00000036
284  00000000 00 08 0000 0000 01800100 01800100 03000200 00000000 0000 19 0001 00000000 00000000 2000 0008 00000000 00002835 000013ac 0135 0000 06 4000 0e10 0003 0003 ff 000c 0000 00840058 00140014 00160016 0042 00000068
285  00000000 00 08 0000 0000 01800100 01800100 03000200 00000000 0000 19 0001 00000000 00000000 2000 0008 00000000 00002835 000013ac 0135 0000 04 4000 0e10 0003 0003 ff 000c 0000 00840058 00140014 00160016 0042 000002e5
286  00000000 00 08 0000 0000 01800100 01800100 03000200 00000000 0000 19 0001 00000000 00000000 2000 0008 00000000 00002835 000013ac 0135 0000 05 4000 0e10 0003 0003 ff 000c 0000 00840058 00140014 00160016 0042 00000035
287  00000000 00 08 0000 0000 01800100 01800100 03000200 00000000 0000 19 0001 00000000 00000000 2000 0008 00000000 00002835 000013ac 0135 0000 06 4000 0e10 0003 0003 ff 000c 0000 00840058 00140014 00160016 0042 00000068
288  00000000 00 08 0000 0000 01800100 01800100 03000200 00000000 0000 19 0001 00000000 00000000 2000 0008 00000000 00002835 000013ac 0135 0000 04 4000 0e10 0003 0003 ff 000c 0000 00840058 00140014 00160016 0042 000002e5
289  00000000 00 08 0000 0000 01800100 01800100 03000200 00000000 0000 19 0001 00000000 00000000 2000 0008 00000000 00002835 000013ac 0135 0000 05 4000 0e10 0003 0003 ff 000c 0000 00840058 00140014 00160016 0042 00000036
290  00000000 00 08 0000 0000 01800100 01800100 03000200 00000000 0000 19 0001 00000000 00000000 2000 0008 00000000 00002835 000013ac 0135 0000 06 4000 0e10 0003 0003 ff 000c 0000 00840058 00140014 00160016 0042 00000068
291  00000000 00 08 0000 0000 01800100 01800100 03000200 00000000 0000 19 0001 00000000 00000000 2000 0008 00000000 00002835 000013ac 0135 0000 04 4000 0e10 0003 0003 ff 000c 0000 00840058 00140014 00160016 0042 000002e5
292  00000000 00 08 0000 0000 01800100 01800100 03000200 00000000 0000 19 0001 00000000 00000000 2000 0008 00000000 00002835 000013ac 0135 0000 05 4000 0e10 0003 0003 ff 000c 0000 00840058 00140014 00160016 0042 00000036
293  00000000 00 08 0000 0000 01800100 01800100 03000200 00000000 0000 19 0001 00000000 00000000 2000 0008 00000000 00002835 000013ac 0135 0000 06 4000 0e10 0003 0003 ff 000c 0000 00840058 00140014 00160016 0042 00000068
294  00000000 00 08 0000 0000 01800100 01800100 03000200 00000000 0000 19 0001 00000000 00000000 2000 0008 00000000 00002835 000013ac 0135 0000 04 4000 0e10 0003 0003 ff 000c 0000 00840058 00140014 00160016 0042 000002e4
295  00000000 00 08 0000 0000 01800100 01800100 03000200 00000000 0000 19 0001 00000000 00000000 2000 0008 00000000 00002835 000013ac 0135 0000 05 4000 0e10 0003 0003 ff 000c 0000 00840058 00140014 00160016 0042 00000036
296  00000000 00 08 0000 0000 01800100 01800100 03000200 00000000 0000 19 0001 00000000 00000000 2000 0008 00000000 00002835 000013ac 0135 0000 06 4000 0e10 0003 0003 ff 000c 0000 00840058 00140014 00160016 0042 00000068
297  00000000 00 08 0000 0000 01800100 01800100 03000200 00000000 0000 19 0001 00000000 00000000 2000 0008 00000000 00002835 000013ac 0135 0000 04 4000 0e10 0003 0003 ff 000c 0000 00840058 00140014 00160016 0042 000002e5
298  00000000 00 08 0000 0000 01800100 01800100 03000200 00000000 0000 19 0001 00000000 00000000 2000 0008 00000000 00002835 000013ac 0135 0000 05 4000 0e10 0003 0003 ff 000c 0000 00840058 00140014 00160016 0042 00000036
299  00000000 00 08 0000 0000 01800100 01800100 03000200 00000000 0000 19 0001 00000000 00000000 2000 0008 00000000 00002835 000013ac 0135 0000 06 4000 0e10 0003 0003 ff 000c 0000 00840058 00140014 00160016 0042 00000068
300  00000000 00 08 0000 0000 01800100 01800100 03000200 00000000 0000 19 0001 00000000 00000000 2000 0008 00000000 00002835 000013ac 0135 0000 04 4000 0e10 0003 0003 ff 000c 0000 00840058 00140014 00160016 0042 000002e5
301  00000000 00 08 0000 0000 01800100 01800100 03000200 00000000 0000 19 0001 00000000 00000000 2000 0008 00000000 00002835 000013ac 0135 0000 05 4000 0e10 0003 0003 ff 000c 0000 00840058 00140014 00160016 0042 00000036
302  00000000 00 08 0000 0000 01800100 01800100 03000200 00000000 0000 19 0001 00000000 00000000 2000 0008 00000000 00002835 000013ac 0135 0000 06 4000 0e10 0003 0003 ff 000c 0000 00840058 00140014 00160016 0042 00000068
303  00000000 00 08 0000 0000 01800100 01800100 03000200 00000000 0000 19 0001 00000000 00000000 2000 0008 00000000 00002835 000013ac 0135 0000 04 4000 0e10 0003 0003 ff 000c 0000 00840058 00140014 00160016 0042 000002e4
304  00000000 00 08 0000 0000 01800100 01800100 03000200 00000000 0000 19 0001 00000000 00000000 2000 0008 00000000 00002835 000013ac 0135 0000 05 4000 0e10 0003 0003 ff 000c 0000 00840058 00140014 00160016 0042 00000036
305  00000000 00 08 0000 0000 01800100 01800100 03000200 00000000 0000 19 0001 00000000 00000000 2000 0008 00000000 00002835 000013ac 0135 0000 06 4000 0e10 0003 0003 ff 000c 0000 00840058 00140014 00160016 0042 00000068
306  00000000 00 08 0000 0000 01800100 01800100 03000200 00000000 0000 19 0001 00000000 00000000 2000 0008 00000000 00002835 000013ac 0135 0000 04 4000 0e10 0003 0003 ff 000c 0000 00840058 00140014 00160016 0042 000002e5
307  00000000 00 08 0000 0000 01800100 01800100 03000200 00000000 0000 19 0001 00000000 00000000 2000 0008 00000000 00002835 000013ac 0135 0000 05 4000 0e10 0003 0003 ff 000c 0000 00840058 00140014 00160016 0042 00000036
308  00000000 00 08 0000 0000 01800100 01800100 03000200 00000000 0000 19 0001 00000000 00000000 2000 0008 00000000 00002835 000013ac 0135 0000 06 4000 0e10 0003 0003 ff 000c 0000 00840058 00140014 00160016 0042 00000068
309  00000000 00 08 0000 0000 01800100 01800100 03000200 00000000 0000 19 0001 00000000 00000000 2000 0008 00000000 00002835 000013ac 0135 0000 04 4000 0e10 0003 0003 ff 000c 0000 00840058 00140014 00160016 0042 000002e4
310  00000000 00 08 0000 0000 01800100 01800100 03000200 00000000 0000 19 0001 00000000 00000000 2000 0008 00000000 00002835 000013ac 0135 0000 05 4000 0e10 0003 0003 ff 000c 0000 00840058 00140014 00160016 0042 00000036
311  00000000 00 08 0000 0000 01800100 01800100 03000200 00000000 0000 19 0001 00000000 00000000 2000 0008 00000000 00002835 000013ac 0135 0000 06 4000 0e10 0003 0003 ff 000c 0000 00840058 00140014 00160016 0042 00000068
312  00000000 00 08 0000 0000 01800100 01800100 03000200 00000000 0000 19 0001 00000000 00000000 2000 0008 00000000 00002835 000013ac 0135 0000 04 4000 0e10 0003 0003 ff 000c 0000 00840058 00140014 00160016 0042 000002e5
313  00000000 00 08 0000 0000 01800100 01800100 03000200 00000000 0000 19 0001 00000000 00000000 2000 0008 00000000 00002835 000013ac 0135 0000 05 4000 0e10 0003 0003 ff 000c 0000 00840058 00140014 00160016 0042 00000036
314  00000000 00 08 0000 0000 01800100 01800100 03000200 00000000 0000 19 0001 00000000 00000000 2000 0008 00000000 00002835 000013ac 0135 0000 06 4000 0e10 0003 0003 ff 000c 0000 00840058 00140014 00160016 0042 00000068
315  00000000 00 08 0000 0000 01800100 01800100 03000200 00000000 0000 19 0001 00000000 00000000 2000 0008 00000000 00002835 000013ac 0135 0000 04 4000 0e10 0003 0003 ff 000c 0000 00840058 00140014 00160016 0042 000002e5
316  00000000 00 08 0000 0000 01800100 01800100 03000200 00000000 0000 19 0001 00000000 00000000 2000 0008 00000000 00002835 000013ac 0135 0000 05 4000 0e10 0003 0003 ff 000c 0000 00840058 00140014 00160016 0042 00000036
317  00000000 00 08 0000 0000 01800100 01800100 03000200 00000000 0000 19 0001 00000000 00000000 2000 0008 00000000 00002835 000013ac 0135 0000 06 4000 0e10 0003 0003 ff 000c 0000 00840058 00140014 00160016 0042 00000068
318  00000000 00 08 0000 0000 01800100 01800100 03000200 00000000 0000 19 0001 00000000 00000000 2000 0008 00000000 00002835 000013ac 0135 0000 04 4000 0e10 0003 0003 ff 000c 0000 00840058 00140014 00160016 0042 000002e4
319  00000000 00 08 0000 0000 01800100 01800100 03000200 00000000 0000 19 0001 00000000 00000000 2000 0008 00000000 00002835 000013ac 0135 0000 05 4000 0e10 0003 0003 ff 000c 0000 00840058 00140014 00160016 0042 00000036
320  00000000 00 08 0000 0000 01800100 01800100 03000200 00000000 0000 19 0001 00000000 00000000 2000 0008 00000000 00002835 000013ac 0135 0000 06 4000 0e10 0003 0003 ff 000c 0000 00840058 00140014 00160016 0042 00000068
321  00000000 00 08 0000 0000 01800100 01800100 03000200 00000000 0000 19 0001 00000000 00000000 2000 0008 00000000 00002835 000013ac 0135 0000 04 4000 0e10 0003 0003 ff 000c 0000 00840058 00140014 00160016 0042 000002e5
322  00000000 00 08 0000 0000 01800100 01800100 03000200 00000000 0000 19 0001 00000000 00000000 2000 0008 00000000 00002835 000013ac 0135 0000 05 4000 0e10 0003 0003 ff 000c 0000 00840058 00140014 00160016 0042 00000036
323  00000000 00 08 0000 0000 01800100 01800100 03000200 00000000 0000 19 0001 00000000 00000000 2000 0008 00000000 00002835 000013ac 0135 0000 06 4000 0e10 0003 0003 ff 000c 0000 00840058 00140014 00160016 0042 00000068
324  00000000 00 08 0000 0000 01800100 01800100 03000200 00000000 0000 19 0001 00000000 00000000 2000 0008 00000000 00002835 000013ac 0135 0000 04 4000 0e10 0003 0003 ff 000c 0000 00840058 00140014 00160016 0042 000002e5
325  00000000 00 08 0000 0000 01800100 01800100 03000200 00000000 0000 19 0001 00000000 00000000 2000 0008 00000000 00002835 000013ac 0135 0000 05 4000 0e10 0003 0003 ff 000c 0000 00840058 00140014 00160016 0042 00000035
326  00000000 00 08 0000 0000 01800100 01800100 03000200 00000000 0000 19 0001 00000000 00000000 2000 0008 00000000 00002835 000013ac 0135 0000 06 4000 0e10 0003 0003 ff 000c 0000 00840058 00140014 00160016 0042 00000068
327  00000000 00 08 0000 0000 01800100 01800100 03000200 00000000 0000 19 0001 00000000 00000000 2000 0008 00000000 00002835 000013ac 0135 0000 04 4000 0e10 0003 0003 ff 000c 0000 00840058 00140014 00160016 0042 000002e5
328  00000000 00 08 0000 0000 01800100 01800100 03000200 00000000 0000 19 0001 00000000 00000000 2000 0008 00000000 00002835 000013ac 0135 0000 05 4000 0e10 0003 0003 ff 000c 0000 00840058 00140014 00160016 0042 00000036
329  00000000 00 08 0000 0000 01800100 01800100 03000200 00000000 0000 19 0001 00000000 00000000 2000 0008 00000000 00002835 000013ac 0135 0000 06 4000 0e10 0003 0003 ff 000c 0000 00840058 00140014 00160016 0042 00000068
330  00000000 00 08 0000 0000 01800100 01800100 03000200 00000000 0000 19 0001 00000000 00000000 2000 0008 00000000 00002835 000013ac 0135 0000 04 4000 0e10 0003 0003 ff 000c 0000 00840058 00140014 00160016 0042 000002e5
331  00000000 00 08 0000 0000 01800100 01800100 03000200 00000000 0000 19 0001 00000000 00000000 2000 0008 00000000 00002835 000013ac 0135 0000 05 4000 0e10 0003 0003 ff 000c 0000 00840058 00140014 00160016 0042 00000036
332  00000000 00 08 0000 0000 01800100 01800100 03000200 00000000 0000 19 0001 00000000 00000000 2000 0008 00000000 00002835 000013ac 0135 0000 06 4000 0e10 0003 0003 ff 000c 0000 00840058 00140014 00160016 0042 00000068
333  00000000 00 08 0000 0000 01800100 01800100 03000200 00000000 0000 19 0001 00000000 00000000 2000 0008 00000000 00002835 000013ac 0135 0000 04 4000 0e10 0003 0003 ff 000c 0000 00840058 00140014 00160016 0042 000002e4
334  00000000 00 08 0000 0000 01800100 01800100 03000200 00000000 0000 19 0001 00000000 00000000 2000 0008 00000000 00002835 000013ac 0135 0000 05 4000 0e10 0003 0003 ff 000c 0000 00840058 00140014 00160016 0042 00000036
335  00000000 00 08 0000 0000 01800100 01800100 03000200 00000000 0000 19 0001 00000000 00000000 2000 0008 00000000 00002835 000013ac 0135 0000 06 4000 0e10 0003 0003 ff 000c 0000 00840058 00140014 00160016 0042 00000068
336  00000000 00 08 0000 0000 01800100 01800100 03000200 00000000 0000 19 0001 00000000 00000000 2000 0008 00000000 00002835 000013ac 0135 0000 04 4000 0e10 0003 0003 ff 000c 0000 00840058 00140014 00160016 0042 000002e5
337  00000000 00 08 0000 0000 01800100 01800100 03000200 00000000 0000 19 0001 00000000 00000000 2000 0008 00000000 00002835 000013ac 0135 0000 05 4000 0e10 0003 0003 ff 000c 0000 00840058 00140014 00160016 0042 00000036
338  00000000 00 08 0000 0000 01800100 01800100 03000200 00000000 0000 19 0001 00000000 00000000 2000 0008 00000000 00002835 000013ac 0135 0000 06 4000 0e10 0003 0003 ff 000c 0000 00840058 00140014 00160016 0042 00000068
339  00000000 00 08 0000 0000 01800100 01800100 03000200 00000000 0000 19 0001 00000000 00000000 2000 0008 00000000 00002835 000013ac 0135 0000 04 4000 0e10 0003 0003 ff 000c 0000 00840058 00140014 00160016 0042 000002e5
340  00000000 00 08 0000 0000 01800100 01800100 03000200 00000000 0000 19 0001 00000000 00000000 2000 0008 00000000 00002835 000013ac 0135 0000 05 4000 0e10 0003 0003 ff 000c 0000 00840058 00140014 00160016 0042 00000036
341  00000000 00 08 0000 0000 01800100 01800100 03000200 00000000 0000 19 0001 00000000 00000000 2000 0008 00000000 00002835 000013ac 0135 0000 06 4000 0e10 0003 0003 ff 000c 0000 00840058 00140014 00160016 0042 00000067
342  00000000 00 08 0000 0000 01800100 01800100 03000200 00000000 0000 19 0001 00000000 00000000 2000 0008 00000000 00002835 000013ac 0135 0000 04 4000 0e10 0003 0003 ff 000c 0000 00840058 00140014 00160016 0042 000002e5
343  00000000 00 08 0000 0000 01800100 01800100 03000200 00000000 0000 19 0001 00000000 00000000 2000 0008 00000000 00002835 000013ac 0135 0000 05 4000 0e10 0003 0003 ff 000c 0000 00840058 00140014 00160016 0042 00000036
344  00000000 00 08 0000 0000 01800100 01800100 03000200 00000000 0000 19 0001 00000000 00000000 2000 0008 00000000 00002835 000013ac 0135 0000 06 4000 0e10 0003 0003 ff 000c 0000 00840058 00140014 00160016 0042 00000068
345  00000000 00 08 0000 0000 01800100 01800100 03000200 00000000 0000 19 0001 00000000 00000000 2000 0008 00000000 00002835 000013ac 0135 0000 04 4000 0e10 0003 0003 ff 000c 0000 00840058 00140014 00160016 0042 000002e5
346  00000000 00 08 0000 0000 01800100 01800100 03000200 00000000 0000 19 0001 00000000 00000000 2000 0008 00000000 00002835 000013ac 0135 0000 05 4000 0e10 0003 0003 ff 000c 0000 00840058 00140014 00160016 0042 00000036
347  00000000 00 08 0000 0000 01800100 01800100 03000200 00000000 0000 19 0001 00000000 00000000 2000 0008 00000000 00002835 000013ac 0135 0000 06 4000 0e10 0003 0003 ff 000c 0000 00840058 00140014 00160016 0042 00000068
348  00000000 00 08 0000 0000 01800100 01800100 03000200 00000000 0000 19 0001 00000000 00000000 2000 0008 00000000 00002835 000013ac 0135 0000 04 4000 0e10 0003 0003 ff 000c 0000 00840058 00140014 00160016 0042 000002e4
349  00000000 00 08 0000 0000 01800100 01800100 03000200 00000000 0000 19 0001 00000000 00000000 2000 0008 00000000 00002835 000013ac 0135 0000 05 4000 0e10 0003 0003 ff 000c 0000 00840058 00140014 00160016 0042 00000036
350  00000000 00 08 0000 0000 01800100 01800100 03000200 00000000 0000 19 0001 00000000 00000000 2000 0008 00000000 00002835 000013ac 0135 0000 06 4000 0e10 0003 0003 ff 000c 0000 00840058 00140014 00160016 0042 00000068
351  00000000 00 08 0000 0000 01800100 01800100 03000200 00000000 0000 19 0001 00000000 00000000 2000 0008 00000000 00002835 000013ac 0135 0000 04 4000 0e10 0003 0003 ff 000c 0000 00840058 00140014 00160016 0042 000002e5
352  00000000 00 08 0000 0000 01800100 01800100 03000200 00000000 0000 19 0001 00000000 00000000 2000 0008 00000000 00002835 000013ac 0135 0000 05 4000 0e10 0003 0003 ff 000c 0000 00840058 00140014 00160016 0042 00000036
353  00000000 00 08 0000 0000 01800100 01800100 03000200 00000000 0000 19 0001 00000000 00000000 2000 0008 00000000 00002835 000013ac 0135 0000 06 4000 0e10 0003 0003 ff 000c 0000 00840058 00140014 00160016 0042 00000068
354  00000000 00 08 0000 0000 01800100 01800100 03000200 00000000 0000 19 0001 00000000 00000000 2000 0008 00000000 00002835 000013ac 0135 0000 04 4000 0e10 0003 0003 ff 000c 0000 00840058 00140014 00160016 0042 000002e5
355  00000000 00 08 0000 0000 01800100 01800100 03000200 00000000 0000 19 0001 00000000 00000000 2000 0008 00000000 00002835 000013ac 0135 0000 05 4000 0e10 0003 0003 ff 000c 0000 00840058 00140014 00160016 0042 00000036
356  00000000 00 08 0000 0000 01800100 01800100 03000200 00000000 0000 19 0001 00000000 00000000 2000 0008 00000000 00002835 000013ac 0135 0000 06 4000 0e10 0003 0003 ff 000c 0000 00840058 00140014 00160016 0042 00000068
357  00000000 00 08 0000 0000 01800100 01800100 03000200 00000000 0000 19 0001 00000000 00000000 2000 0008 00000000 00002835 000013ac 0135 0000 04 4000 0e10 0003 0003 ff 000c 0000 00840058 00140014 00160016 0042 000002e4
358  00000000 00 08 0000 0000 01800100 01800100 03000200 00000000 0000 19 0001 00000000 00000000 2000 0008 00000000 00002835 000013ac 0135 0000 05 4000 0e10 0003 0003 ff 000c 0000 00840058 00140014 00160016 0042 00000036
359  00000000 00 08 0000 0000 01800100 01800100 03000200 00000000 0000 19 0001 00000000 00000000 2000 0008 00000000 00002835 000013ac 0135 0000 06 4000 0e10 0003 0003 ff 000c 0000 00840058 00140014 00160016 0042 00000068
360  00000000 00 08 0000 0000 01800100 01800100 03000200 00000000 0000 19 0001 00000000 00000000 2000 0008 00000000 00002835 000013ac 0135 0000 04 4000 0e10 0003 0003 ff 000c 0000 00840058 00140014 00160016 0042 000002e5
361  00000000 00 08 0000 0000 01800100 01800100 03000200 00000000 0000 19 0001 00000000 00000000 2000 0008 00000000 00002835 000013ac 0135 0000 05 4000 0e10 0003 0003 ff 000c 0000 00840058 00140014 00160016 0042 00000036
362  00000000 00 08 0000 0000 01800100 01800100 03000200 00000000 0000 19 0001 00000000 00000000 2000 0008 00000000 00002835 000013ac 0135 0000 06 4000 0e10 0003 0003 ff 000c 0000 00840058 00140014 00160016 0042 00000068
363  00000000 00 08 0000 0000 01800100 01800100 03000200 00000000 0000 19 0001 00000000 00000000 2000 0008 00000000 00002835 000013ac 0135 0000 04 4000 0e10 0003 0003 ff 000c 0000 00840058 00140014 00160016 0042 000002e4
364  00000000 00 08 0000 0000 01800100 01800100 03000200 00000000 0000 19 0001 00000000 00000000 2000 0008 00000000 00002835 000013ac 0135 0000 05 4000 0e10 0003 0003 ff 000c 0000 00840058 00140014 00160016 0042 00000036
365  00000000 00 08 0000 0000 01800100 01800100 03000200 00000000 0000 19 0001 00000000 00000000 2000 0008 00000000 00002835 000013ac 0135 0000 06 4000 0e10 0003 0003 ff 000c 0000 00840058 00140014 00160016 0042 00000068
366  00000000 00 08 0000 0000 01800100 01800100 03000200 00000000 0000 19 0001 00000000 00000000 2000 0008 00000000 00002835 000013ac 0135 0000 04 4000 0e10 0003 0003 ff 000c 0000 00840058 00140014 00160016 0042 000002e5
367  00000000 00 08 0000 0000 01800100 01800100 03000200 00000000 0000 19 0001 00000000 00000000 2000 0008 00000000 00002835 000013ac 0135 0000 05 4000 0e10 0003 0003 ff 000c 0000 00840058 00140014 00160016 0042 00000036
368  00000000 00 08 0000 0000 01800100 01800100 03000200 00000000 0000 19 0001 00000000 00000000 2000 0008 00000000 00002835 000013ac 0135 0000 06 4000 0e10 0003 0003 ff 000c 0000 00840058 00140014 00160016 0042 00000068
369  00000000 00 08 0000 0000 01800100 01800100 03000200 00000000 0000 19 0001 00000000 00000000 2000 0008 00000000 00002835 000013ac 0135 0000 04 4000 0e10 0003 0003 ff 000c 0000 00840058 00140014 00160016 0042 000002e5
370  00000000 00 08 0000 0000 01800100 01800100 03000200 00000000 0000 19 0001 00000000 00000000 2000 0008 00000000 00002835 000013ac 0135 0000 05 4000 0e10 0003 0003 ff 000c 0000 00840058 00140014 00160016 0042 00000036
371  00000000 00 08 0000 0000 01800100 01800100 03000200 00000000 0000 19 0001 00000000 00000000 2000 0008 00000000 00002835 000013ac 0135 0000 06 4000 0e10 0003 0003 ff 000c 0000 00840058 00140014 00160016 0042 00000068
372  00000000 00 08 0000 0000 01800100 01800100 03000200 00000000 0000 19 0001 00000000 00000000 2000 0008 00000000 00002835 000013ac 0135 0000 04 4000 0e10 0003 0003 ff 000c 0000 00840058 00140014 00160016 0042 000002e4
373  00000000 00 08 0000 0000 01800100 01800100 03000200 00000000 0000 19 0001 00000000 00000000 2000 0008 00000000 00002835 000013ac 0135 0000 05 4000 0e10 0003 0003 ff 000c 0000 00840058 00140014 00160016 0042 00000036
374  00000000 00 08 0000 0000 01800100 01800100 03000200 00000000 0000 19 0001 00000000 00000000 2000 0008 00000000 00002835 000013ac 0135 0000 06 4000 0e10 0003 0003 ff 000c 0000 00840058 00140014 00160016 0042 00000068
375  00000000 00 08 0000 0000 01800100 01800100 03000200 00000000 0000 19 0001 00000000 00000000 2000 0008 00000000 00002835 000013ac 0135 0000 04 4000 0e10 0003 0003 ff 000c 0000 00840058 00140014 00160016 0042 000002e5
376  00000000 00 08 0000 0000 01800100 01800100 03000200 00000000 0000 19 0001 00000000 00000000 2000 0008 00000000 00002835 000013ac 0135 0000 05 4000 0e10 0003 0003 ff 000c 0000 00840058 00140014 00160016 0042 00000036
377  00000000 00 08 0000 0000 01800100 01800100 03000200 00000000 0000 19 0001 00000000 00000000 2000 0008 00000000 00002835 000013ac 0135 0000 06 4000 0e10 0003 0003 ff 000c 0000 00840058 00140014 00160016 0042 00000068
378  00000000 00 08 0000 0000 01800100 01800100 03000200 00000000 0000 19 0001 00000000 00000000 2000 0008 00000000 00002835 000013ac 0135 0000 04 4000 0e10 0003 0003 ff 000c 0000 00840058 00140014 00160016 0042 000002e5
379  00000000 00 08 0000 0000 01800100 01800100 03000200 00000000 0000 19 0001 00000000 00000000 2000 0008 00000000 00002835 000013ac 0135 0000 05 4000 0e10 0003 0003 ff 000c 0000 00840058 00140014 00160016 0042 00000035
380  00000000 00 08 0000 0000 01800100 01800100 03000200 00000000 0000 19 0001 00000000 00000000 2000 0008 00000000 00002835 000013ac 0135 0000 06 4000 0e10 0003 0003 ff 000c 0000 00840058 00140014 00160016 0042 00000068
381  00000000 00 08 0000 0000 01800100 01800100 03000200 00000000 0000 19 0001 00000000 00000000 2000 0008 00000000 00002835 000013ac 0135 0000 04 4000 0e10 0003 0003 ff 000c 0000 00840058 00140014 00160016 0042 000002e5
382  00000000 00 08 0000 0000 01800100 01800100 03000200 00000000 0000 19 0001 00000000 00000000 2000 0008 00000000 00002835 000013ac 0135 0000 05 4000 0e10 0003 0003 ff 000c 0000 00840058 00140014 00160016 0042 00000036
383  00000000 00 08 0000 0000 01800100 01800100 03000200 00000000 0000 19 0001 00000000 00000000 2000 0008 00000000 00002835 000013ac 0135 0000 06 4000 0e10 0003 0003 ff 000c 0000 00840058 00140014 00160016 0042 00000068
384  00000000 00 08 0000 0000 01800100 01800100 03000200 00000000 0000 19 0001 00000000 00000000 2000 0008 00000000 00002835 000013ac 0135 0000 04 4000 0e10 0003 0003 ff 000c 0000 00840058 00140014 00160016 0042 000002e5
385  00000000 00 08 0000 0000 01800100 01800100 03000200 00000000 0000 19 0001 00000000 00000000 2000 0008 00000000 00002835 000013ac 0135 0000 05 4000 0e10 0003 0003 ff 000c 0000 00840058 00140014 00160016 0042 00000036
386  00000000 00 08 0000 0000 01800100 01800100 03000200 00000000 0000 19 0001 00000000 00000000 2000 0008 00000000 00002835 000013ac 0135 0000 06 4000 0e10 0003 0003 ff 000c 0000 00840058 00140014 00160016 0042 00000068
387  00000000 00 08 0000 0000 01800100 01800100 03000200 00000000 0000 19 0001 00000000 00000000 2000 0008 00000000 00002835 000013ac 0135 0000 04 4000 0e10 0003 0003 ff 000c 0000 00840058 00140014 00160016 0042 000002e4
388  00000000 00 08 0000 0000 01800100 01800100 03000200 00000000 0000 19 0001 00000000 00000000 2000 0008 00000000 00002835 000013ac 0135 0000 05 4000 0e10 0003 0003 ff 000c 0000 00840058 00140014 00160016 0042 00000036
389  00000000 00 08 0000 0000 01800100 01800100 03000200 00000000 0000 19 0001 00000000 00000000 2000 0008 00000000 00002835 000013ac 0135 0000 06 4000 0e10 0003 0003 ff 000c 0000 00840058 00140014 00160016 0042 00000068
390  00000000 00 08 0000 0000 01800100 01800100 03000200 00000000 0000 19 0001 00000000 00000000 2000 0008 00000000 00002835 000013ac 0135 0000 04 4000 0e10 0003 0003 ff 000c 0000 00840058 00140014 00160016 0042 000002e5
391  00000000 00 08 0000 0000 01800100 01800100 03000200 00000000 0000 19 0001 00000000 00000000 2000 0008 00000000 00002835 000013ac 0135 0000 05 4000 0e10 0003 0003 ff 000c 0000 00840058 00140014 00160016 0042 00000036
392  00000000 00 08 0000 0000 01800100 01800100 03000200 00000000 0000 19 0001 00000000 00000000 2000 0008 00000000 00002835 000013ac 0135 0000 06 4000 0e10 0003 0003 ff 000c 0000 00840058 00140014 00160016 0042 00000068
393  00000000 00 08 0000 0000 01800100 01800100 03000200 00000000 0000 19 0001 00000000 00000000 2000 0008 00000000 00002835 000013ac 0135 0000 04 4000 0e10 0003 0003 ff 000c 0000 00840058 00140014 00160016 0042 000002e5
394  00000000 00 08 0000 0000 01800100 01800100 03000200 00000000 0000 19 0001 00000000 00000000 2000 0008 00000000 00002835 000013ac 0135 0000 05 4000 0e10 0003 0003 ff 000c 0000 00840058 00140014 00160016 0042 00000036
395  00000000 00 08 0000 0000 01800100 01800100 03000200 00000000 0000 19 0001 00000000 00000000 2000 0008 00000000 00002835 000013ac 0135 0000 06 4000 0e10 0003 0003 ff 000c 0000 00840058 00140014 00160016 0042 00000067
396  00000000 00 08 0000 0000 01800100 01800100 03000200 00000000 0000 19 0001 00000000 00000000 2000 0008 00000000 00002835 000013ac 0135 0000 04 4000 0e10 0003 0003 ff 000c 0000 00840058 00140014 00160016 0042 000002e5
397  00000000 00 08 0000 0000 01800100 01800100 03000200 00000000 0000 19 0001 00000000 00000000 2000 0008 00000000 00002835 000013ac 0135 0000 05 4000 0e10 0003 0003 ff 000c 0000 00840058 00140014 00160016 0042 00000036
398  00000000 00 08 0000 0000 01800100 01800100 03000200 00000000 0000 19 0001 00000000 00000000 2000 0008 00000000 00002835 000013ac 0135 0000 06 4000 0e10 0003 0003 ff 000c 0000 00840058 00140014 00160016 0042 00000068
399  00000000 00 08 0000 0000 01800100 01800100 03000200 00000000 0000 19 0001 00000000 00000000 2000 0008 00000000 00002835 000013ac 0135 0000 04 4000 0e10 0003 0003 ff 000c 0000 00840058 00140014 00160016 0042 000002e5
400  00000000 00 08 0000 0000 01800100 01800100 03000200 00000000 0000 19 0001 00000000 00000000 2000 0008 00000000 00002835 000013ac 0135 0000 05 4000 0e10 0003 0003 ff 000c 0000 00840058 00140014 00160016 0042 00000036
401  00000000 00 08 0000 0000 01800100 01800100 03000200 00000000 0000 19 0001 00000000 00000000 2000 0008 00000000 00002835 000013ac 0135 0000 06 4000 0e10 0003 0003 ff 000c 0000 00840058 00140014 00160016 0042 00000068
402  00000000 00 08 0000 0000 01800100 01800100 03000200 00000000 0000 19 0001 00000000 00000000 2000 0008 00000000 00002835 000013ac 0135 0000 04 4000 0e10 0003 0003 ff 000c 0000 00840058 00140014 00160016 0042 000002e4
403  00000000 00 08 0000 0000 01800100 01800100 03000200 00000000 0000 19 0001 00000000 00000000 2000 0008 00000000 00002835 000013ac 0135 0000 05 4000 0e10 0003 0003 ff 000c 0000 00840058 00140014 00160016 0042 00000036
404  00000000 00 08 0000 0000 01800100 01800100 03000200 00000000 0000 19 0001 00000000 00000000 2000 0008 00000000 00002835 000013ac 0135 0000 06 4000 0e10 0003 0003 ff 000c 0000 00840058 00140014 00160016 0042 00000068
405  00000000 00 08 0000 0000 01800100 01800100 03000200 00000000 0000 19 0001 00000000 00000000 2000 0008 00000000 00002835 000013ac 0135 0000 04 4000 0e10 0003 0003 ff 000c 0000 00840058 00140014 00160016 0042 000002e5
406  00000000 00 08 0000 0000 01800100 01800100 03000200 00000000 0000 19 0001 00000000 00000000 2000 0008 00000000 00002835 000013ac 0135 0000 05 4000 0e10 0003 0003 ff 000c 0000 00840058 00140014 00160016 0042 00000036
407  00000000 00 08 0000 0000 01800100 01800100 03000200 00000000 0000 19 0001 00000000 00000000 2000 0008 00000000 00002835 000013ac 0135 0000 06 4000 0e10 0003 0003 ff 000c 0000 00840058 00140014 00160016 0042 00000068
408  00000000 00 08 0000 0000 01800100 01800100 03000200 00000000 0000 19 0001 00000000 00000000 2000 0008 00000000 00002835 000013ac 0135 0000 04 4000 0e10 0003 0003 ff 000c 0000 00840058 00140014 00160016 0042 000002e5
409  00000000 00 08 0000 0000 01800100 01800100 03000200 00000000 0000 19 0001 00000000 00000000 2000 0008 00000000 00002835 000013ac 0135 0000 05 4000 0e10 0003 0003 ff 000c 0000 00840058 00140014 00160016 0042 00000036
410  00000000 00 08 0000 0000 01800100 01800100 03000200 00000000 0000 19 0001 00000000 00000000 2000 0008 00000000 00002835 000013ac 0135 0000 06 4000 0e10 0003 0003 ff 000c 0000 00840058 00140014 00160016 0042 00000068
411  00000000 00 08 0000 0000 01800100 01800100 03000200 00000000 0000 19 0001 00000000 00000000 2000 0008 00000000 00002835 000013ac 0135 0000 04 4000 0e10 0003 0003 ff 000c 0000 00840058 00140014 00160016 0042 000002e4
412  00000000 00 08 0000 0000 01800100 01800100 03000200 00000000 0000 19 0001 00000000 00000000 2000 0008 00000000 00002835 000013ac 0135 0000 05 4000 0e10 0003 0003 ff 000c 0000 00840058 00140014 00160016 0042 00000036
413  00000000 00 08 0000 0000 01800100 01800100 03000200 00000000 0000 19 0001 00000000 00000000 2000 0008 00000000 00002835 000013ac 0135 0000 06 4000 0e10 0003 0003 ff 000c 0000 00840058 00140014 00160016 0042 00000068
414  00000000 00 08 0000 0000 01800100 01800100 03000200 00000000 0000 19 0001 00000000 00000000 2000 0008 00000000 00002835 000013ac 0135 0000 04 4000 0e10 0003 0003 ff 000c 0000 00840058 00140014 00160016 0042 000002e5
415  00000000 00 08 0000 0000 01800100 01800100 03000200 00000000 0000 19 0001 00000000 00000000 2000 0008 00000000 00002835 000013ac 0135 0000 05 4000 0e10 0003 0003 ff 000c 0000 00840058 00140014 00160016 0042 00000036
416  00000000 00 08 0000 0000 01800100 01800100 03000200 00000000 0000 19 0001 00000000 00000000 2000 0008 00000000 00002835 000013ac 0135 0000 06 4000 0e10 0003 0003 ff 000c 0000 00840058 00140014 00160016 0042 00000068
417  00000000 00 08 0000 0000 01800100 01800100 03000200 00000000 0000 19 0001 00000000 00000000 2000 0008 00000000 00002835 000013ac 0135 0000 04 4000 0e10 0003 0003 ff 000c 0000 00840058 00140014 00160016 0042 000002e5
418  00000000 00 08 0000 0000 01800100 01800100 03000200 00000000 0000 19 0001 00000000 00000000 2000 0008 00000000 00002835 000013ac 0135 0000 05 4000 0e10 0003 0003 ff 000c 0000 00840058 00140014 00160016 0042 00000035
419  00000000 00 08 0000 0000 01800100 01800100 03000200 00000000 0000 19 0001 00000000 00000000 2000 0008 00000000 00002835 000013ac 0135 0000 06 4000 0e10 0003 0003 ff 000c 0000 00840058 00140014 00160016 0042 00000068
420  00000000 00 08 0000 0000 01800100 01800100 03000200 00000000 0000 19 0001 00000000 00000000 2000 0008 00000000 00002835 000013ac 0135 0000 04 4000 0e10 0003 0003 ff 000c 0000 00840058 00140014 00160016 0042 000002e5
421  00000000 00 08 0000 0000 01800100 01800100 03000200 00000000 0000 19 0001 00000000 00000000 2000 0008 00000000 00002835 000013ac 0135 0000 05 4000 0e10 0003 0003 ff 000c 0000 00840058 00140014 00160016 0042 00000036
422  00000000 00 08 0000 0000 01800100 01800100 03000200 00000000 0000 19 0001 00000000 00000000 2000 0008 00000000 00002835 000013ac 0135 0000 06 4000 0e10 0003 0003 ff 000c 0000 00840058 00140014 00160016 0042 00000068
423  00000000 00 08 0000 0000 01800100 01800100 03000200 00000000 0000 19 0001 00000000 00000000 2000 0008 00000000 00002835 000013ac 0135 0000 04 4000 0e10 0003 0003 ff 000c 0000 00840058 00140014 00160016 0042 000002e5
424  00000000 00 08 0000 0000 01800100 01800100 03000200 00000000 0000 19 0001 00000000 00000000 2000 0008 00000000 00002835 000013ac 0135 0000 05 4000 0e10 0003 0003 ff 000c 0000 00840058 00140014 00160016 0042 00000036
425  00000000 00 08 0000 0000 01800100 01800100 03000200 00000000 0000 19 0001 00000000 00000000 2000 0008 00000000 00002835 000013ac 0135 0000 06 4000 0e10 0003 0003 ff 000c 0000 00840058 00140014 00160016 0042 00000068
426  00000000 00 08 0000 0000 01800100 01800100 03000200 00000000 0000 19 0001 00000000 00000000 2000 0008 00000000 00002835 000013ac 0135 0000 04 4000 0e10 0003 0003 ff 000c 0000 00840058 00140014 00160016 0042 000002e4
427  00000000 00 08 0000 0000 01800100 01800100 03000200 00000000 0000 19 0001 00000000 00000000 2000 0008 00000000 00002835 000013ac 0135 0000 05 4000 0e10 0003 0003 ff 000c 0000 00840058 00140014 00160016 0042 00000036
428  00000000 00 08 0000 0000 01800100 01800100 03000200 00000000 0000 19 0001 00000000 00000000 2000 0008 00000000 00002835 000013ac 0135 0000 06 4000 0e10 0003 0003 ff 000c 0000 00840058 00140014 00160016 0042 00000068
429  00000000 00 08 0000 0000 01800100 01800100 03000200 00000000 0000 19 0001 00000000 00000000 2000 0008 00000000 00002835 000013ac 0135 0000 04 4000 0e10 0003 0003 ff 000c 0000 00840058 00140014 00160016 0042 000002e5
430  00000000 00 08 0000 0000 01800100 01800100 03000200 00000000 0000 19 0001 00000000 00000000 2000 0008 00000000 00002835 000013ac 0135 0000 05 4000 0e10 0003 0003 ff 000c 0000 00840058 00140014 00160016 0042 00000036
431  00000000 00 08 0000 0000 01800100 01800100 03000200 00000000 0000 19 0001 00000000 00000000 2000 0008 00000000 00002835 000013ac 0135 0000 06 4000 0e10 0003 0003 ff 000c 0000 00840058 00140014 00160016 0042 00000068
432  00000000 00 08 0000 0000 01800100 01800100 03000200 00000000 0000 19 0001 00000000 00000000 2000 0008 00000000 00002835 000013ac 0135 0000 04 4000 0e10 0003 0003 ff 000c 0000 00840058 00140014 00160016 0042 000002e5
433  00000000 00 08 0000 0000 01800100 01800100 03000200 00000000 0000 19 0001 00000000 00000000 2000 0008 00000000 00002835 000013ac 0135 0000 05 4000 0e10 0003 0003 ff 000c 0000 00840058 00140014 00160016 0042 00000035
434  00000000 00 08 0000 0000 01800100 01800100 03000200 00000000 0000 19 0001 00000000 00000000 2000 0008 00000000 00002835 000013ac 0135 0000 06 4000 0e10 0003 0003 ff 000c 0000 00840058 00140014 00160016 0042 00000068
435  00000000 00 08 0000 0000 01800100 01800100 03000200 00000000 0000 19 0001 00000000 00000000 2000 0008 00000000 00002835 000013ac 0135 0000 04 4000 0e10 0003 0003 ff 000c 0000 00840058 00140014 00160016 0042 000002e5
436  00000000 00 08 0000 0000 01800100 01800100 03000200 00000000 0000 19 0001 00000000 00000000 2000 0008 00000000 00002835 000013ac 0135 0000 05 4000 0e10 0003 0003 ff 000c 0000 00840058 00140014 00160016 0042 00000036
437  00000000 00 08 0000 0000 01800100 01800100 03000200 00000000 0000 19 0001 00000000 00000000 2000 0008 00000000 00002835 000013ac 0135 0000 06 4000 0e10 0003 0003 ff 000c 0000 00840058 00140014 00160016 0042 00000068
438  00000000 00 08 0000 0000 01800100 01800100 03000200 00000000 0000 19 0001 00000000 00000000 2000 0008 00000000 00002835 000013ac 0135 0000 04 4000 0e10 0003 0003 ff 000c 0000 00840058 00140014 00160016 0042 000002e5
439  00000000 00 08 0000 0000 01800100 01800100 03000200 00000000 0000 19 0001 00000000 00000000 2000 0008 00000000 00002835 000013ac 0135 0000 05 4000 0e10 0003 0003 ff 000c 0000 00840058 00140014 00160016 0042 00000036
440  00000000 00 08 0000 0000 01800100 01800100 03000200 00000000 0000 19 0001 00000000 00000000 2000 0008 00000000 00002835 000013ac 0135 0000 06 4000 0e10 0003 0003 ff 000c 0000 00840058 00140014 00160016 0042 00000068
441  00000000 00 08 0000 0000 01800100 01800100 03000200 00000000 0000 19 0001 00000000 00000000 2000 0008 00000000 00002835 000013ac 0135 0000 04 4000 0e10 0003 0003 ff 000c 0000 00840058 00140014 00160016 0042 000002e4
442  00000000 00 08 0000 0000 01800100 01800100 03000200 00000000 0000 19 0001 00000000 00000000 2000 0008 00000000 00002835 000013ac 0135 0000 05 4000 0e10 0003 0003 ff 000c 0000 00840058 00140014 00160016 0042 00000036
443  00000000 00 08 0000 0000 01800100 01800100 03000200 00000000 0000 19 0001 00000000 00000000 2000 0008 00000000 00002835 000013ac 0135 0000 06 4000 0e10 0003 0003 ff 000c 0000 00840058 00140014 00160016 0042 00000068
444  00000000 00 08 0000 0000 01800100 01800100 03000200 00000000 0000 19 0001 00000000 00000000 2000 0008 00000000 00002835 000013ac 0135 0000 04 4000 0e10 0003 0003 ff 000c 0000 00840058 00140014 00160016 0042 000002e5
445  00000000 00 08 0000 0000 01800100 01800100 03000200 00000000 0000 19 0001 00000000 00000000 2000 0008 00000000 00002835 000013ac 0135 0000 05 4000 0e10 0003 0003 ff 000c 0000 00840058 00140014 00160016 0042 00000036
446  00000000 00 08 0000 0000 01800100 01800100 03000200 00000000 0000 19 0001 00000000 00000000 2000 0008 00000000 00002835 000013ac 0135 0000 06 4000 0e10 0003 0003 ff 000c 0000 00840058 00140014 00160016 0042 00000068
447  00000000 00 08 0000 0000 01800100 01800100 03000200 00000000 0000 19 0001 00000000 00000000 2000 0008 00000000 00002835 000013ac 0135 0000 04 4000 0e10 0003 0003 ff 000c 0000 00840058 00140014 00160016 0042 000002e5
448  00000000 00 08 0000 0000 01800100 01800100 03000200 00000000 0000 19 0001 00000000 00000000 2000 0008 00000000 00002835 000013ac 0135 0000 05 4000 0e10 0003 0003 ff 000c 0000 00840058 00140014 00160016 0042 00000036
449  00000000 00 08 0000 0000 01800100 01800100 03000200 00000000 0000 19 0001 00000000 00000000 2000 0008 00000000 00002835 000013ac 0135 0000 06 4000 0e10 0003 0003 ff 000c 0000 00840058 00140014 00160016 0042 00000068
